organism_key	taxon_version_key	kingdom	phylum_division	class	order	family	genus	species	synonyms	synonym_tvk_list	recommended_name_authority	non_native_flag	terrestrial_freshwater_flag	freshwater	marine_flag
NBNORG0000037965	NBNSYS0000185413	Animalia	Annelida	Polychaeta	Eunicida	Dorvilleidae	Parougia	Parougia spp.							Y
NBNORG0000039074	NBNSYS0000186845	Animalia	Annelida	Polychaeta	Eunicida	Dorvilleidae	Schistomeringos	Schistomeringos spp.							Y
NBNORG0000035445	NBNSYS0000182303	Animalia	Annelida	Polychaeta	Phyllodocida	Goniadidae	Goniadella	Goniadella ? gracilis			(Verrill, 1873)				Y
NBNORG0000036071	NBNSYS0000183139	Animalia	Annelida	Polychaeta	Phyllodocida	Hesionidae	Kefersteinia	Kefersteinia sp.							Y
NBNORG0000037220	NBNSYS0000184515	Animalia	Annelida	Polychaeta	Phyllodocida	Nereididae	Neanthes	Neanthes cf. flavipes			Ehlers, 1868				Y
NBNORG0000039582	NBNSYS0000187494	Animalia	Annelida	Polychaeta	Phyllodocida	Syllidae	Syllides	Syllides spp.							Y
NBNORG0000037628	NBNSYS0000184992	Animalia	Annelida	Polychaeta	Phyllodocida	Syllidae	Opisthodonta	Opisthodonta n. sp.							Y
NBNORG0000039382	NBNSYS0000187214	Animalia	Annelida	Polychaeta	Phyllodocida	Syllidae	Sphaerosyllis	Sphaerosyllis n. sp.							Y
NBNORG0000034826	NBNSYS0000181564	Animalia	Annelida	Polychaeta	Phyllodocida	Syllidae	Ehlersia	Ehlersia sp.							Y
NBNORG0000037321	NBNSYS0000184635	Animalia	Annelida	Polychaeta	Phyllodocida	Nephtyidae	Nephtys	Nephtys n. sp.							Y
NBNORG0000035137	NBNSYS0000181924	Animalia	Annelida	Polychaeta	Phyllodocida	Phyllodocidae	Eulalia	Eulalia n. sp.							Y
NBNORG0000037399	NBNSYS0000184730	Animalia	Annelida	Polychaeta	Phyllodocida	Phyllodocidae	Notophyllum	Notophyllum cf. americanum			Verrill, 1885				Y
NBNORG0000035222	NBNSYS0000182045	Animalia	Annelida	Polychaeta	Sabellida	Fabriciidae	Fabriciola	Fabriciola cf. berkeleyi			Banse, 1956				Y
NBNORG0000038653	NBNSYS0000186272	Animalia	Annelida	Polychaeta	Sabellida	Fabriciidae	Pseudofabricia	Pseudofabricia sp.							Y
NBNORG0000035326	NBNSYS0000182169	Animalia	Annelida	Polychaeta	Sabellida	Oweniidae	Galathowenia	Galathowenia n. sp.							Y
NBNORG0000037282	NBNSYS0000184592	Animalia	Annelida	Polychaeta	Sabellida	Serpulidae	Neodexiospira	Neodexiospira n. sp.							Y
NBNORG0000033513	NBNSYS0000179971	Animalia	Annelida	Polychaeta	Sabellida	Serpulidae	Bushiella	Bushiella n. sp.							Y
NBNORG0000032486	NBNSYS0000178721	Animalia	Annelida	Polychaeta	Spionida	Aberrantidae	Aberranta	Aberranta sp.							Y
NBNORG0000033366	NBNSYS0000179785	Animalia	Annelida	Polychaeta	Spionida	Spionidae	Boccardia	Boccardia cf. polybranchia			(Haswell, 1885)				Y
NBNORG0000096175	NHMSYS0020467837	Animalia	Annelida	Polychaeta	Spionida	Spionidae	Parascolelepis	Parascolelepis cf. gilchristi							Y
NBNORG0000037015	NBNSYS0000184272	Animalia	Annelida	Polychaeta	Spionida	Spionidae	Prionospio	Minuspio cf. multibranchiata	Minuspio cfMultibranchiata	NBNSYS0000176491	(Berkeley, 1927)				Y
NBNORG0000038669	NBNSYS0000186306	Animalia	Annelida	Polychaeta	Spionida	Spionidae	Pseudopolydora	Pseudopolydora cf. paucibranchiata	Pseudopolydora cf. pauchibranchiata;Pseudopolydora cfPaucibranchiata	NBNSYS0000177560;NBNSYS0000177561	(Okuda, 1937)				Y
NBNORG0000039144	NBNSYS0000186929	Animalia	Annelida	Polychaeta	Spionida	Spionidae	Scolelepis	Scolelepis sp.							Y
NBNORG0000039780	NBNSYS0000187738	Animalia	Annelida	Polychaeta	Terebellida	Cirratulidae	Tharyx	Tharyx sp.							Y
NBNORG0000034653	NBNSYS0000181352	Animalia	Annelida	Polychaeta	Terebellida	Flabelligeridae	Diplocirrus	Diplocirrus n. sp							Y
NBNORG0000034814	NBNSYS0000181537	Animalia	Annelida	Polychaeta	Terebellida	Ampharetidae	Eclysippe	Eclysippe cf. vanelli	Eclysippe cfVanelli	NBNSYS0000175075	(Fauvel, 1936)				Y
NBNORG0000038357	NBNSYS0000185874	Animalia	Annelida	Polychaeta	Terebellida	Terebellidae	Polycirrus	Polycirrus n. sp.							Y
NBNORG0000036502	NBNSYS0000183666	Animalia	Annelida	Polychaeta	Terebellida	Terebellidae	Loimia	Loimia sp.							Y
NBNORG0000038223	NBNSYS0000185711	Animalia	Annelida	Polychaeta	Terebellida	Terebellidae	Pista	Pista sp.							Y
NBNORG0000037396	NBNSYS0000184727	Animalia	Annelida	Polychaeta		Capitellidae	Notomastus	Notomastus spp.							Y
NBNORG0000034206	NBNSYS0000180813	Animalia	Annelida	Polychaeta		Cossuridae	Cossura	Cossura sp.							Y
NBNORG0000035108	NBNSYS0000181887	Animalia	Annelida	Polychaeta		Maldanidae	Euclymene	Euclymene sp.							Y
NBNORG0000037406	NBNSYS0000184737	Animalia	Annelida	Polychaeta		Maldanidae	Notoproctus	Notoproctus sp.							Y
NBNORG0000039145	NBNSYS0000186930	Animalia	Annelida	Polychaeta		Orbiniidae	Scoloplos	Scoloplos sp.							Y
NBNORG0000033034	NBNSYS0000179400	Animalia	Annelida	Polychaeta		Paraonidae	Aricidea	Aricidea cf. philbinae			(Brown, 1976)				Y
NBNORG0000036397	NBNSYS0000183551	Animalia	Annelida	Polychaeta		Paraonidae	Levinsenia	Levinsenia sp.							Y
NBNORG0000037777	NBNSYS0000185169	Animalia	Annelida	Polychaeta		Paraonidae	Paradoneis	Paradoneis cf. ilvana			Castelli, 1985				Y
NBNORG0000037778	NBNSYS0000185170	Animalia	Annelida	Polychaeta		Paraonidae	Paradoneis	Paradoneis sp.							Y
NBNORG0000037877	NBNSYS0000185290	Animalia	Annelida	Polychaeta		Paraonidae	Paraonides	Paraonides n. sp.	Paraonides n.	NBNSYS0000176991					Y
NBNORG0000129610	NHMSYS0021237250	Animalia	Arthropoda	Arachnida	Sarcoptiformes	Rosensteiniidae	Nycteriglyphus	Nycteriglyphus sp. A					Y		
NBNORG0000129681	NHMSYS0021237676	Animalia	Arthropoda	Arachnida	Trombidiformes	Trombiculidae	Leptotrombidium	Leptotrombidium sp. A					Y		
NBNORG0000129660	NHMSYS0021237550	Animalia	Arthropoda	Arachnida	Trombidiformes	Cheyletidae	Cheletonella	Cheletonella sp. A					Y		
NBNORG0000129680	NHMSYS0021237670	Animalia	Arthropoda	Arachnida	Trombidiformes	Psorergatidae	Psorergatoides	Psorergatoides sp. A					Y		
NBNORG0000135133	NHMSYS0021740937	Animalia	Arthropoda	Arachnida	Trombidiformes	Diptilomiopidae	Rhynchaphytoptus	cf. Rhynchaphytoptus magnificus			(Hodgkiss, 1913)		Y		
NBNORG0000135130	NHMSYS0021740922	Animalia	Arthropoda	Arachnida	Trombidiformes	Eriophyidae	Aceria	cf. Aceria lophophyes			(Nalepa, 1922)		Y		
NBNORG0000135131	NHMSYS0021740927	Animalia	Arthropoda	Arachnida	Trombidiformes	Eriophyidae	Aceria	cf. Aceria platanoidea			(Nalepa, 1922)		Y		
NBNORG0000135134	NHMSYS0021740942	Animalia	Arthropoda	Arachnida	Trombidiformes	Eriophyidae	Aceria	cf. Aceria pseudoplatanea			(Nalepa, 1922)		Y		
NBNORG0000135135	NHMSYS0021740947	Animalia	Arthropoda	Arachnida	Trombidiformes	Eriophyidae	Cecidophyes	cf. Cecidophyes pseudoplatani			(Nalepa, 1922)		Y		
NBNORG0000131867	NHMSYS0021293824	Animalia	Arthropoda	Arachnida	Trombidiformes	Eupodidae	Protereunetes	Protereunetes cf. boerneri			Thor, 1934		Y		
NBNORG0000129629	NHMSYS0021237364	Animalia	Arthropoda	Arachnida	Mesostigmata	Macronyssidae	Macronyssus	Macronyssus sp. A					Y		
NBNORG0000129630	NHMSYS0021237370	Animalia	Arthropoda	Arachnida	Mesostigmata	Macronyssidae	Macronyssus	Macronyssus sp. B					Y		
NBNORG0000129639	NHMSYS0021237424	Animalia	Arthropoda	Arachnida	Mesostigmata	Macronyssidae	Steatonyssus	Steatonyssus sp. A					Y		
NBNORG0000129654	NHMSYS0021237514	Animalia	Arthropoda	Arachnida	Mesostigmata	Spinturnicidae	Spinturnix	Spinturnix sp. A					Y		
NBNORG0000108409	NHMSYS0020978325	Animalia	Arthropoda	Arachnida	Mesostigmata	Parasitidae	Parasitellus	Parasitellus sp.					Y		
NBNORG0000108407	NHMSYS0020978313	Animalia	Arthropoda	Arachnida	Mesostigmata	Parasitidae	Poecilochirus	Poecilochirus sp.					Y		
NBNORG0000129279	NHMSYS0021233231	Animalia	Arthropoda	Arachnida	Araneae	Linyphiidae	Megalepthyphantes	Megalepthyphantes sp. near collinus					Y		
NBNORG0000106759	NHMSYS0020953703	Animalia	Arthropoda	Arachnida	Araneae	Linyphiidae	Porrhomma	Porrhomma sp. nov.					Y		
NBNORG0000052260	NHMSYS0000355803	Animalia	Arthropoda	Arachnida	Araneae	Oonopidae	Orchestina	Orchestina sp.					Y		
NBNORG0000136244	NHMSYS0021811526	Animalia	Arthropoda	Arachnida	Araneae	Pholcidae	Quamtana	Quamtana sp. ZFMK Ar 24490 aff. lotzi				Y	Y		
NBNORG0000052261	NHMSYS0000355808	Animalia	Arthropoda	Arachnida	Araneae	Theridiidae	Theridion	Theridion sp.					Y		
NBNORG0000130467	NHMSYS0021276176	Animalia	Arthropoda	Arachnida	Opiliones	Phalangiidae	Leiobunum	Leiobunum sp. A					Y		
NBNORG0000071154	NHMSYS0000864848	Animalia	Arthropoda	Arachnida		Amerobelbidae	Amerobelba	Amerobelba ?decedens			Berlese, 1908		Y		
NBNORG0000052106	NHMSYS0000343659	Animalia	Arthropoda	Pycnogonida	Pantopoda	Phoxichilidiidae	Anoplodactylus	Anoplodactylus sp. A			Bamber & Thurston, 1995				Y
NBNORG0000108351	NHMSYS0020977805	Animalia	Arthropoda	Malacostraca	Isopoda	Armadillidiidae	Gabunillo	Gabunillo sp.					Y		
NBNORG0000094111	NHMSYS0020302560	Animalia	Arthropoda	Malacostraca	Isopoda	Philosciidae	Chaetophiloscia	Chaetophiloscia sp.					Y		
NBNORG0000108353	NHMSYS0020977817	Animalia	Arthropoda	Malacostraca	Isopoda	Philosciidae	Pseudotyphloscia	Pseudotyphloscia sp.					Y		
NBNORG0000050885	NHMSYS0000318598	Animalia	Arthropoda	Malacostraca	Tanaidacea	Apseudidae	Apseudes	Apseudes ? vicinus			Hansen, 1913				Y
NBNORG0000050920	NHMSYS0000318661	Animalia	Arthropoda	Malacostraca	Tanaidacea	Pseudotanaidae	Pseudotanais	Pseudotanais ? lilljeborgi			G.O. Sars, 1882				Y
NBNORG0000051119	NHMSYS0000322501	Animalia	Arthropoda	Ostracoda	Halocyprida	Halocyprididae	Conchoecia	Conchoecia aff. edentata							Y
NBNORG0000050944	NHMSYS0000322211	Animalia	Arthropoda	Ostracoda	Halocyprida	Halocyprididae	Archiconchoecia	Archiconchoecia aff. cucullata			(Brady, 1902)				Y
NBNORG0000129918	NHMSYS0021241562	Animalia	Arthropoda	Collembola	Symphypleona	Katiannidae	Gen.nov.1	Gen.nov.1 sp.nov.1			Greenslade P in Ardron, PA, 2009		Y		
NBNORG0000116569	NHMSYS0021125521	Animalia	Arthropoda	Collembola	Symphypleona	Katiannidae	Katianna	Katianna sp3.				Y	Y		
NBNORG0000135078	NHMSYS0021723403	Animalia	Arthropoda	Collembola	Symphypleona	Katiannidae		Katiannidae gen.nov.1 sp.nov.1				Y	Y		
NBNORG0000136229	NHMSYS0021808406	Animalia	Arthropoda	Collembola	Symphypleona	Katiannidae		Katiannidae gen.nov.1 sp.nov.2				Y	Y		
NBNORG0000087742	NHMSYS0001717484	Animalia	Arthropoda	Insecta	Coleoptera	Cantharidae	Cantharis	Cantharis flavilabris (=nigra auctt.)	Cantharis fulvicollis;Cantharis nigra (=flavilabris);Telophorus flavilabris	NBNSYS0000143643;NHMSYS0001717488;NBNSYS0000157758	Fallén, 1807		Y		
NBNORG0000092018	NHMSYS0021486737	Animalia	Arthropoda	Insecta	Coleoptera	Curculionidae	Ceutorhynchus	Ceutorhynchus obstrictus (=assimilis auctt.)	Ceutorhynchus assimilis;Ceutorhynchus obstrictus	NHMSYS0020151648;NHMSYS0020151659	(Marsham, 1802)		Y		
NBNORG0000012072	NHMSYS0021578108	Animalia	Arthropoda	Insecta	Diptera	Mycetophilidae	Brevicornu	Brevicornu sp. near arcticum	Brachycampta arctica;Brevicornu arcticum	NBNSYS0100017719;NBNSYS0000011925			Y		
NBNORG0000024057	NBNSYS0000036976	Animalia	Arthropoda	Insecta	Diptera	Mycetophilidae	Cordyla	Cordyla sp. nov. near murina	Cordyla pseudomurina	NHMSYS0020526971			Y		
NBNORG0000096358	NHMSYS0020470427	Animalia	Arthropoda	Insecta	Diptera	Cecidomyiidae	Ozirhincus	Ozirhincus sp.					Y		
NBNORG0000096435	NHMSYS0020475494	Animalia	Arthropoda	Insecta	Diptera	Chironomidae	Chironomus	Chironomus (Other)					Y	Y	
NBNORG0000041992	NBNSYS0100003165	Animalia	Arthropoda	Insecta	Diptera	Chironomidae	Euryhapsis	Euryhapsis ? fuscipropes	Euryhapsis fuscipropes	NBNSYS0100020159	Saether & Wang, 1992		Y		
NBNORG0000018859	NBNSYS0000027506	Animalia	Arthropoda	Insecta	Diptera	Chironomidae	Limnophyes	Limnophyes sp. near globifer			Brundin		Y		
NBNORG0000130208	NHMSYS0021262075	Animalia	Arthropoda	Insecta	Diptera	Chironomidae	Macropelopia	Macropelopia spec. Norwegen			sensu Fittkau 1962		Y		
NBNORG0000018804	NBNSYS0000027440	Animalia	Arthropoda	Insecta	Diptera	Chironomidae	Orthocladius	Orthocladius species A.					Y	Y	
NBNORG0000115838	NHMSYS0021109896	Animalia	Arthropoda	Insecta	Diptera	Tephritidae	Anastrepha	Anastrepha species indet				Y	Y		
NBNORG0000012945	NBNSYS0000012927	Animalia	Arthropoda	Insecta	Diptera	Tephritidae	Tephritis	Tephritis sp. nov.					Y		
NBNORG0000019994	NBNSYS0000029022	Animalia	Arthropoda	Insecta	Diptera	Lauxaniidae	Lyciella	Lyciella sp. nov.					Y		
NBNORG0000109030	NHMSYS0021008020	Animalia	Arthropoda	Insecta	Diptera	Chloropidae	Elachiptera	Elachiptera sp. nr cornuta	Elachiptera sp. nr. cornuta (but femoral comb setae in 2 rows)	NHMSYS0021122913			Y		
NBNORG0000020720	NBNSYS0000029947	Animalia	Arthropoda	Insecta	Diptera	Chloropidae	Meromyza	Meromyza sp. indet.	Meromyza indet	NBNSYS0100004004	Fedoseeva		Y		
NBNORG0000116295	NHMSYS0021122907	Animalia	Arthropoda	Insecta	Diptera	Chloropidae	Meromyza	Meromyza sp. nr. depressa					Y		
NBNORG0000106714	NHMSYS0020936461	Animalia	Arthropoda	Insecta	Diptera	Chloropidae	Oscinimorpha	Oscinimorpha sp. nov.	Oscinomorpha sp. nov.	NBNSYS0000029866			Y		
NBNORG0000043518	NBNSYS0100005866	Animalia	Arthropoda	Insecta	Diptera	Chloropidae	Trachysiphonella	Trachysiphonella indet.	Trachysiphonella carinfacies;Trachysiphonella carinifacies	NHMSYS0020526639;NBNSYS0100005865			Y		
NBNORG0000020317	NBNSYS0000029447	Animalia	Arthropoda	Insecta	Diptera	Ephydridae	Parydra	Parydra sp. B					Y		
NBNORG0000021303	NBNSYS0000030723	Animalia	Arthropoda	Insecta	Diptera	Muscidae	Musca	Musca ?? osiris			Wiedemann, 1830		Y		
NBNORG0000095185	NHMSYS0020309342	Animalia	Arthropoda	Insecta	Hemiptera	Lygaeidae	Kleidocerys	Kleidocerys (f.?) privignus			(Horváth, 1894)		Y		
NBNORG0000096261	NHMSYS0020470202	Animalia	Arthropoda	Insecta	Hemiptera	Asterolecaniidae	Asterodiaspis	Asterodiaspis sp.					Y		
NBNORG0000096364	NHMSYS0020470456	Animalia	Arthropoda	Insecta	Hemiptera	Phylloxeridae	Phylloxera	Phylloxera sp.					Y		
NBNORG0000127766	NHMSYS0021220547	Animalia	Arthropoda	Insecta	Hymenoptera	Trichogrammatidae	Megaphragma	Megaphragma sp. indet.					Y		
NBNORG0000126551	NHMSYS0021207191	Animalia	Arthropoda	Insecta	Hymenoptera	Figitidae	Trichoplasta	Trichoplasta sp.			indet. A		Y		
NBNORG0000127805	NHMSYS0021220924	Animalia	Arthropoda	Insecta	Hymenoptera	Ichneumonidae	Agrypon	Agrypon sp. H					Y		
NBNORG0000127952	NHMSYS0021221806	Animalia	Arthropoda	Insecta	Hymenoptera	Ichneumonidae	Odontoneura	Odontoneura sp. A					Y		
NBNORG0000127965	NHMSYS0021221884	Animalia	Arthropoda	Insecta	Hymenoptera	Ichneumonidae	Sulcarius	Sulcarius sp. A					Y		
NBNORG0000127974	NHMSYS0021221938	Animalia	Arthropoda	Insecta	Hymenoptera	Ichneumonidae	Zoophthorus	Zoophthorus sp. A					Y		
NBNORG0000128102	NHMSYS0021222706	Animalia	Arthropoda	Insecta	Hymenoptera	Ichneumonidae	Netelia	Netelia sp. A					Y		
NBNORG0000128103	NHMSYS0021222712	Animalia	Arthropoda	Insecta	Hymenoptera	Ichneumonidae	Netelia	Netelia sp. B					Y		
NBNORG0000128104	NHMSYS0021222718	Animalia	Arthropoda	Insecta	Hymenoptera	Ichneumonidae	Netelia	Netelia sp. C					Y		
NBNORG0000128105	NHMSYS0021222724	Animalia	Arthropoda	Insecta	Hymenoptera	Ichneumonidae	Netelia	Netelia sp. R					Y		
NBNORG0000128106	NHMSYS0021222730	Animalia	Arthropoda	Insecta	Hymenoptera	Ichneumonidae	Netelia	Netelia sp. W					Y		
NBNORG0000126118	NHMSYS0021204002	Animalia	Arthropoda	Insecta	Hymenoptera	Platygastridae	Platygaster	Platygaster ?anopediana	Platygaster anopediana	NHMSYS0021237094	Buhl, 2005		Y		
NBNORG0000126170	NHMSYS0021204314	Animalia	Arthropoda	Insecta	Hymenoptera	Platygastridae	Platygaster	Platygaster ?leucanthemi	Platygaster leucanthemi	NHMSYS0021237100	(Kieffer, 1916)		Y		
NBNORG0000126171	NHMSYS0021204320	Animalia	Arthropoda	Insecta	Hymenoptera	Platygastridae	Platygaster	Platygaster ?lineata			Kieffer, 1906		Y		
NBNORG0000126248	NHMSYS0021204782	Animalia	Arthropoda	Insecta	Hymenoptera	Platygastridae	Amitus	Amitus sp. indet.					Y		
NBNORG0000134933	NHMSYS0021711769	Animalia	Arthropoda	Insecta	Lepidoptera	Tineidae	Homosetia	Homosetia sp.				Y	Y		
NBNORG0000091555	NHMSYS0020108924	Animalia	Arthropoda	Chilopoda	Geophilomorpha	Mecistocephalidae	Mecistocephalus	Mecistocephalus cf. guildingii			Newport, 1843		Y		
NBNORG0000108360	NHMSYS0021131328	Animalia	Arthropoda	Chilopoda	Scolopendromorpha	Cryptopidae	Cryptops	Cryptops cf. hispanus	Cryptops sp.	NHMSYS0020977872			Y		
NBNORG0000091550	NHMSYS0020108915	Animalia	Arthropoda	Chilopoda	Scolopendromorpha	Cryptopidae	Cryptops	Cryptops sp.					Y		
NBNORG0000132793	NHMSYS0021388559	Animalia	Arthropoda	Diplopoda	Chordeumatida	Vandeleumatidae	Psichrosoma	Psichrosoma cf. breuili				Y	Y		
NBNORG0000108346	NHMSYS0020977769	Animalia	Arthropoda	Diplopoda	Polydesmida	Haplodesmidae	Eutrichodesmus	Eutrichodesmus sp.					Y		
NBNORG0000108344	NHMSYS0020977763	Animalia	Arthropoda	Diplopoda	Siphonophorida	Siphonophoridae		Siphonophoridae sp.				Y	Y		
NBNORG0000034002	NBNSYS0000180569	Animalia	Chordata	Ascidiacea	Aplousobranchia	Clavelinidae	Clavelina	Clavelina sp.							Y
NBNORG0000104110	NHMSYS0020752558	Animalia	Chordata	Ascidiacea	Aplousobranchia	Polyclinidae	Aplidium	Aplidium sp.	Sidnyum sp.	NBNSYS0000187065					Y
NBNORG0000033070	NBNSYS0000179447	Animalia	Chordata	Ascidiacea	Phlebobranchia	Ascidiidae	Ascidiella	Ascidiella sp.							Y
NBNORG0000106850	NHMSYS0020954887	Animalia	Chordata	Ascidiacea	Stolidobranchia	Styelidae	Botrylloides	Botrylloides cf. diegense			Ritter & Forsyth, 1917				Y
NBNORG0000115856	NHMSYS0021109620	Animalia	Chordata	Ascidiacea	Stolidobranchia	Styelidae	Botrylloides	Botrylloides cf.diegensis				Y			Y
NBNORG0000051242	NHMSYS0000329151	Animalia	Chordata	Actinopterygii	Aulopiformes	Paralepididae	Macroparalepis	Macroparalepis sp.							Y
NBNORG0000051141	NHMSYS0000328858	Animalia	Chordata	Actinopterygii	Cetomimiformes	Cetomimidae	Cetomimus	Cetomimus sp.							Y
NBNORG0000122887	NHMSYS0021168929	Animalia	Chordata	Actinopterygii	Characiformes	Serrasalmidae	Pygocentrus	Pygocentrus sp. (natterei)				Y	Y	Y	
NBNORG0000051459	NHMSYS0000335578	Animalia	Chordata	Actinopterygii	Gadiformes	Moridae	Lepidion	Lepidion ? schmidti			Svetovidov, 1936				Y
NBNORG0000051494	NHMSYS0000335687	Animalia	Chordata	Actinopterygii	Ophidiiformes	Aphyonidae	Sciadonus	Sciadonus sp.							Y
NBNORG0000051158	NHMSYS0000328898	Animalia	Chordata	Actinopterygii	Osmeriformes	Opisthoproctidae	Dolichopteryx	Dolichopteryx sp.							Y
NBNORG0000115943	NHMSYS0021109710	Animalia	Chordata	Actinopterygii	Perciformes	Cichlidae	Maylandia	Maylandia (Metriaclima) sp.	Maylandia sp.;Metriaclima sp.	;		Y	Y	Y	
NBNORG0000040673	NBNSYS0000189475	Animalia	Chordata	Actinopterygii	Scorpaeniformes	Sebastidae	Sebastes	Sebastes spp.							Y
NBNORG0000051441	NHMSYS0000335513	Animalia	Chordata	Elasmobranchii	Rajiformes	Rajidae	Dipturus	Dipturus sp.							Y
NBNORG0000051428	NHMSYS0000335474	Animalia	Chordata	Elasmobranchii	Carcharhiniformes	Scyliorhinidae	Apristurus	Apristurus sp. A							Y
NBNORG0000051429	NHMSYS0000335475	Animalia	Chordata	Elasmobranchii	Carcharhiniformes	Scyliorhinidae	Apristurus	Apristurus sp. B							Y
NBNORG0000115919	NHMSYS0021109684	Animalia	Chordata	Mammalia	Rodentia	Sciuridae	Glaucomys	Glaucomys sp.				Y	Y		
NBNORG0000037679	NBNSYS0000185051	Animalia	Cnidaria	Anthozoa	Ceriantharia	Cerianthidae	Pachycerianthus	Pachycerianthus indet.							Y
NBNORG0000103761	NHMSYS0020752205	Animalia	Cnidaria	Hydrozoa	Leptothecata	Kirchenpaueriidae	Kirchenpaueria	Kirchenpaueria ? pinnata			(Linnaeus, 1758)				Y
NBNORG0000034310	NBNSYS0000180935	Animalia	Cnidaria	Hydrozoa	Leptothecata	Campanulinidae	Cuspidella	Cuspidella spp.							Y
NBNORG0000050867	NHMSYS0000315716	Animalia	Kinorhyncha		Homalorhagida	Pycnophyidae	Leptodemus	Leptodemus cf. serratus			Zelinka, 1928				Y
NBNORG0000134967	NHMSYS0021717233	Animalia	Mollusca	Gastropoda	Architaenioglossa	Ampullariidae	Pomacea	Pomacea sp.				Y		Y	
NBNORG0000009588	NBNSYS0000006609	Animalia	Mollusca	Gastropoda	Littorinimorpha	Hydrobiidae	Hydrobia	Hydrobia ventrosa seg.			(Montagu), seg.		Y		Y
NBNORG0000116343	NHMSYS0021123627	Animalia	Mollusca	Gastropoda		Rhodopidae	Rhodope	Rhodope cf. veranii							Y
NBNORG0000009595	NBNSYS0000006629	Animalia	Mollusca	Gastropoda		Physidae	Physa	Physa sp. (not fontinalis)			(Say)		Y		
NBNORG0000035078	NBNSYS0000181852	Animalia	Mollusca	Gastropoda	Nudibranchia	Eubranchidae	Eubranchus	Eubranchus sp.							Y
NBNORG0000123346	NHMSYS0021180003	Animalia	Mollusca	Gastropoda	Nudibranchia	Trinchesiidae	Rubramoena	"Rubramoena sp. ""Newlyn Fenwick A"""							Y
NBNORG0000132530	NHMSYS0021342564	Animalia	Mollusca	Gastropoda	Pulmonata	Arionidae	Arion	"Arion (Arion) sp. ""Davies"""	"Arion sp. ""Davies"""		sensu Rowson et al. 2014	Y	Y		
NBNORG0000109084	NHMSYS0021009842	Animalia	Mollusca	Gastropoda	Pulmonata	Arionidae	Arion	Arion (Arion) sp. cf. empiricorum	Arion sp. cf. empiricorum		A. Férussac, 1819		Y		
NBNORG0000109085	NHMSYS0021009848	Animalia	Mollusca	Gastropoda	Pulmonata	Arionidae	Arion	Arion (Arion) sp. cf. vulgaris	Arion sp. cf. vulgaris		Moquin-Tandon, 1855		Y		
NBNORG0000109087	NHMSYS0021342574	Animalia	Mollusca	Gastropoda	Pulmonata	Arionidae	Arion	Arion (Kobeltia) cf. fagophilus	Arion (Kobeltia) sp. cf. fagophilus;Arion cf. fagophilus;Kobeltia cf. fagophilus	NHMSYS0021009860;;	de Winter, 1986	Y	Y		
NBNORG0000052903	NHMSYS0000377644	Animalia	Mollusca	Gastropoda	Pulmonata	Arionidae	Arion	Arion ater seg.			(Linnaeus, 1758)		Y		
NBNORG0000009604	NBNSYS0000006699	Animalia	Mollusca	Gastropoda	Pulmonata	Arionidae	Arion	Arion circumscriptus seg.			Johnston, 1828		Y		
NBNORG0000052906	NHMSYS0000377648	Animalia	Mollusca	Gastropoda	Pulmonata	Arionidae	Arion	Arion lusitanicus seg.			Mabille, 1868		Y		
NBNORG0000097566	NHMSYS0020528146	Animalia	Mollusca	Gastropoda	Pulmonata	Cochlicopidae	Cochlicopa	Cochlicopa cf. lubrica			(O. F. Müller, 1774)		Y		
NBNORG0000086713	NHMSYS0001701971	Animalia	Mollusca	Gastropoda	Pulmonata	Cochlicopidae	Cochlicopa	Cochlicopa cf. lubricella	Cochlicopa lubricella	NBNSYS0000006660	(Rossmässler, 1834)		Y		
NBNORG0000052908	NHMSYS0000377650	Animalia	Mollusca	Gastropoda	Pulmonata	Cochlicopidae	Cochlicopa	Cochlicopa lubrica seg.			(Müller, 1774)		Y		
NBNORG0000023133	NBNSYS0000033074	Animalia	Mollusca	Gastropoda	Pulmonata	Euconulidae	Euconulus	Euconulus fulvus seg.			(Müller, 1774)		Y		
NBNORG0000052911	NHMSYS0000377654	Animalia	Mollusca	Gastropoda	Pulmonata	Limacidae	Limax	Limax flavus seg.			Linnaeus, 1758		Y		
NBNORG0000109090	NHMSYS0021342559	Animalia	Mollusca	Gastropoda	Pulmonata	Limacidae	Limax	Limax cf. dacampi	Limax sp. cf. dacampi	NHMSYS0021009920	Menegazzi, 1854	Y	Y		
NBNORG0000109091	NHMSYS0021342554	Animalia	Mollusca	Gastropoda	Pulmonata	Milacidae	Tandonia	Tandonia cf. cristata	Tandonia sp. cf. cristata	NHMSYS0021009926	(Kaleniczenko, 1851)	Y	Y		
NBNORG0000009607	NBNSYS0000006710	Animalia	Mollusca	Gastropoda	Pulmonata	Pristilomatidae	Vitrea	Vitrea crystallina seg.			(Müller, 1774)		Y		
NBNORG0000086871	NHMSYS0021342724	Animalia	Mollusca	Gastropoda	Pulmonata	Subulinidae	Subulina	Subulina cf. striatella	Striosubulina sp.;Striosubulina striatella	NHMSYS0001702215;NHMSYS0001702216	(Rang, 1831)	Y	Y		
NBNORG0000132529	NHMSYS0021342544	Animalia	Mollusca	Gastropoda	Pulmonata	Testacellidae	Testacella	"Testacella (Testacella) sp. ""tenuipenis"""	"Testacella sp. ""tenuipenis"""		sensu Rowson et al. 2014	Y	Y		
NBNORG0000109094	NHMSYS0021009965	Animalia	Mollusca	Gastropoda	Pulmonata	Testacellidae	Testacella	Testacella (Testacella) sp. cf. scutulum	Testacella sp. cf. scutulum		Sowerby, 1821		Y		
NBNORG0000086898	NHMSYS0001702255	Animalia	Mollusca	Gastropoda	Pulmonata	Valloniidae	Vallonia	Vallonia cf. excentrica	Vallonia excentrica;Vallonia pulchella subsp. excentrica	NBNSYS0000006686;NBNSYS0000100918	Sterki, 1893		Y		
NBNORG0000009601	NBNSYS0000006685	Animalia	Mollusca	Gastropoda	Pulmonata	Valloniidae	Vallonia	Vallonia pulchella seg.			(Müller, 1774)		Y		
NBNORG0000009597	NBNSYS0000006663	Animalia	Mollusca	Gastropoda	Pulmonata	Vertiginidae	Columella	Columella edentula seg.			(Draparnaud, 1805)		Y		
NBNORG0000052915	NHMSYS0000377659	Animalia	Mollusca	Gastropoda	Pulmonata	Vertiginidae	Truncatellina	Truncatellina cylindrica seg.			(Ferussac, 1807)		Y		
NBNORG0000036267	NBNSYS0000183379	Animalia	Mollusca	Solenogastres	Pholidoskepia	Lepidomeniidae	Lepidomenia	Lepidomenia sp.							Y
NBNORG0000036662	NBNSYS0000183845	Animalia	Mollusca	Solenogastres	Pholidoskepia	Macellomeniidae	Macellomenia	Macellomenia cf. palifera			(Pruvot, 1890)				Y
NBNORG0000038575	NBNSYS0000186140	Animalia	Mollusca	Solenogastres	Cavibelonia	Pruvotinidae	Pruvotina	Pruvotina sp.							Y
NBNORG0000096332	NHMSYS0020470380	Animalia	Nematoda	Adenophorea	Dorylaimida	Longidoridae	Longidorus	Longidorus sp.					Y		
NBNORG0000096256	NHMSYS0020470184	Animalia	Nematoda	Secernentea	Rhabditida	Anguinidae	Anguina	Anguina sp.					Y		
NBNORG0000096357	NHMSYS0020470424	Animalia	Nematoda	Secernentea	Rhabditida	Anguinidae	Nothanguina	Nothanguina sp.					Y		
NBNORG0000134891	NHMSYS0021666463	Animalia	Nemertea	Enopla	Monostilifera	Prosorhochmidae	Argonemertes	Argonemertes cf. australiensis				Y	Y		
NBNORG0000048767	NHMSYS0000068144	Animalia	Platyhelminthes	Cestoda	Bothriocephalidea	Bothriocephalidae	Bothriocephalus	Bothriocephalus ? bipunctatus			(Zeder, 1782)				
NBNORG0000048688	NHMSYS0000068054	Animalia	Platyhelminthes	Cestoda	Cyclophyllidea	Anoplocephalidae	Leporidotaenia	Leporidotaenia cf. wimerosa			(Moniez, 1880)				
NBNORG0000048687	NHMSYS0000068053	Animalia	Platyhelminthes	Cestoda	Cyclophyllidea	Davaineidae	Idiogenes	Idiogenes ? grandiporus			Cholodkovsky, 1905				
NBNORG0000048715	NHMSYS0000068082	Animalia	Platyhelminthes	Cestoda	Cyclophyllidea	Davaineidae	Raillietina	Raillietina ? brevicollis			(Frölich, 1802)				
NBNORG0000048615	NHMSYS0000067959	Animalia	Platyhelminthes	Cestoda	Cyclophyllidea	Dilepididae	Anomotaenia	Anomotaenia ? stentorea			(Frölich, 1802)				
NBNORG0000048627	NHMSYS0000067973	Animalia	Platyhelminthes	Cestoda	Cyclophyllidea	Dilepididae	Choanotaenia	Choanotaenia ? borealis			(von Linstow, 1905)				
NBNORG0000048630	NHMSYS0000067976	Animalia	Platyhelminthes	Cestoda	Cyclophyllidea	Dilepididae	Choanotaenia	Choanotaenia ? crateriformis			(Goeze, 1782)				
NBNORG0000048634	NHMSYS0000067981	Animalia	Platyhelminthes	Cestoda	Cyclophyllidea	Dilepididae	Choanotaenia	Choanotaenia ? paradoxa			(Rudolphi, 1802)				
NBNORG0000048618	NHMSYS0000067963	Animalia	Platyhelminthes	Cestoda	Cyclophyllidea	Hymenolepididae	Aploparaksis	Aploparaksis ? crassirostris			(Krabbe, 1869)				
NBNORG0000048667	NHMSYS0000068024	Animalia	Platyhelminthes	Cestoda	Cyclophyllidea	Hymenolepididae	Hymenolepis	Hymenolepis ? jaegerskioeldi			Fuhrmann, 1913				
NBNORG0000048678	NHMSYS0000068040	Animalia	Platyhelminthes	Cestoda	Cyclophyllidea	Hymenolepididae	Hymenolepis	Hymenolepis ? pistillum			(Dujardin, 1845)				
NBNORG0000048680	NHMSYS0000068042	Animalia	Platyhelminthes	Cestoda	Cyclophyllidea	Hymenolepididae	Hymenolepis	Hymenolepis ? scalaris			(Dujardin, 1845)				
NBNORG0000048685	NHMSYS0000068051	Animalia	Platyhelminthes	Cestoda	Cyclophyllidea	Hymenolepididae	Hymenolepis	Hymenolepis ? uncinata			(Stieda, 1862)				
NBNORG0000104070	NHMSYS0020752518	Animalia	Platyhelminthes	Cestoda	Cyclophyllidea	Hymenolepididae	Microsomacanthus	Microsomacanthus ? trifolium	Hymenolepis ? trifolium	NHMSYS0000068050	(von Linstow, 1905)				
NBNORG0000104082	NHMSYS0020752530	Animalia	Platyhelminthes	Cestoda	Cyclophyllidea	Hymenolepididae	Passerilepis	Passerilepis ? parina	Hymenolepis ? parina	NHMSYS0000068037	(Fuhrmann, 1907)				
NBNORG0000048693	NHMSYS0000068059	Animalia	Platyhelminthes	Cestoda	Cyclophyllidea	Mesocestoididae	Mesocestoides	Mesocestoides sp. tetrathyridium							
NBNORG0000048871	NHMSYS0000068253	Animalia	Platyhelminthes	Cestoda	Trypanorhyncha	Tentaculariidae	Nybelinia	Nybelinia sp.							
NBNORG0000135096	NHMSYS0021727973	Animalia	Platyhelminthes	Rhabditophora	Seriata	Geoplanidae	Australopacifica	"?Australopacifica sp . ""Eden Project, 2020"""				Y	Y		
NBNORG0000135095	NHMSYS0021727968	Animalia	Platyhelminthes	Rhabditophora	Seriata	Geoplanidae	Australopacifica	"Australopacifica sp. ""Penzance, 2000"""				Y	Y		
NBNORG0000048337	NHMSYS0000067556	Animalia	Platyhelminthes	Trematoda	Plagiorchiida	Brachycladiidae	Hadwenius	Hadwenius sp.							
NBNORG0000048483	NHMSYS0000067704	Animalia	Platyhelminthes	Trematoda	Plagiorchiida	Opecoelidae	Plagioporus	Plagioporus (?) tumidulus			(Rudolphi, 1819)				
NBNORG0000052073	NHMSYS0000341818	Animalia	Porifera	Demospongiae	Hadromerida	Polymastiidae	Sphaerotylus	Sphaerotylus sp.							Y
NBNORG0000037172	NBNSYS0000184461	Animalia	Porifera	Demospongiae	Poecilosclerida	Myxillidae	Myxilla	Myxilla cf. fimbriata							Y
NBNORG0000037173	NBNSYS0000184462	Animalia	Porifera	Demospongiae	Poecilosclerida	Myxillidae	Myxilla	Myxilla cf. rosacea	Myxilla cfRosacea	NBNSYS0000176608					Y
NBNORG0000103798	NHMSYS0021639835	Chromista	Foraminifera	Globothalamea	Rotaliida	Bolivinidae	Bolivinellina	Bolivinellina cf. pseudopunctata	Bolivina cf. pseudopunctata;Bolivinella cf. pseudopunctata	NHMSYS0000067092;NHMSYS0020752243	(Höglund, 1947)				Y
NBNORG0000048111	NHMSYS0000067098	Chromista	Foraminifera	Globothalamea	Rotaliida	Buliminidae	Bulimina	Bulimina cf. alazanensis			Cushman, 1927				
NBNORG0000048126	NHMSYS0000067115	Chromista	Foraminifera	Globothalamea	Rotaliida	Rosalinidae	Rosalina	Rosalina cf. bradyi			(Cushman, 1915)				
NBNORG0000048180	NHMSYS0000067181	Chromista	Foraminifera	Polythalamea	Robertinida	Epistominidae	Epistominella	Epistominella cf. naraensis			Kuwano, 1959				
NBNORG0000076244	NHMSYS0021576498	Chromista	Oomycota	Peronosporea	Albuginales	Albuginaceae	Albugo	Albugo candida s. lat.	Albugo candida;Cystopus candidus	NHMSYS0001474290;BMSSYS0000005523			Y		
NBNORG0000133363	NHMSYS0021552589	Chromista	Oomycota	Peronosporea	Albuginales	Albuginaceae	Albugo	Albugo candida s. str.			(Pers.) Roussel		Y		
NBNORG0000133692	NHMSYS0021554239	Chromista	Oomycota	Peronosporea	Albuginales	Albuginaceae	Pustula	Pustula obtusata s. lat.			(Link) C. Rost		Y		
NBNORG0000133693	NHMSYS0021554244	Chromista	Oomycota	Peronosporea	Albuginales	Albuginaceae	Pustula	Pustula obtusata s. str.	Albugo tragopogonis;Albugo tragopogonis var. inulae;Albugo tragopogonis var. tragopogonis;Cystopus cubicus;Cystopus tragopogonis;Pustula tragopogonis	NHMSYS0001474291;NHMSYS0001474292;NHMSYS0001474293;BMSSYS0000005524;BMSSYS0000005526;BMSSYS0000050362	(Link) C. Rost		Y		
NBNORG0000013703	NHMSYS0021576528	Chromista	Oomycota	Peronosporea	Peronosporales	Peronosporaceae	Bremia	Bremia lactucae s. lat.	Botrytis ganglioniformis;Bremia lactucae;Bremia lactucae f.sp. crepidis;Bremia lactucae f.sp. hieracii;Bremia lactucae f.sp. leontodi;Bremia lactucae f.sp. picridis;Bremia lactucae f.sp. senecionis;Bremia lactucae f.sp. sonchi;Peronospora ganglioniformis	BMSSYS0000002857;NBNSYS0000015385;NHMSYS0019999420;NHMSYS0019999421;NHMSYS0019999423;NHMSYS0019999424;NHMSYS0019999425;NHMSYS0019999426;BMSSYS0000049085			Y		
NBNORG0000133387	NHMSYS0021552709	Chromista	Oomycota	Peronosporea	Peronosporales	Peronosporaceae	Bremia	Bremia lactucae s. str.			Regel		Y		
NBNORG0000119870	NHMSYS0021600517	Chromista	Oomycota	Peronosporea	Peronosporales	Peronosporaceae	Hyaloperonospora	Hyaloperonospora brassicae s. lat.	Hyaloperonospora brassicae;Peronospora brassicae	BMSSYS0000046315;BMSSYS0000013200	(Gäum.) Göker, Voglmayr, Riethm., Weiss & Oberw.		Y		
NBNORG0000134080	NHMSYS0021600467	Chromista	Oomycota	Peronosporea	Peronosporales	Peronosporaceae	Hyaloperonospora	Hyaloperonospora brassicae s. str.			(Gäum.) Göker, Voglmayr, Riethm., Weiss & Oberw.		Y		
NBNORG0000098398	NHMSYS0021576668	Chromista	Oomycota	Peronosporea	Peronosporales	Peronosporaceae	Hyaloperonospora	Hyaloperonospora parasitica s. lat.	Botrytis parasitica;Hyaloperonospora parasitica;Peronospora parasitica	BMSSYS0000043157;NHMSYS0020535540;NBNSYS0000015442			Y		
NBNORG0000133514	NHMSYS0021553344	Chromista	Oomycota	Peronosporea	Peronosporales	Peronosporaceae	Hyaloperonospora	Hyaloperonospora parasitica s. str.			(Pers.) Constant.		Y		
NBNORG0000082306	NHMSYS0021576778	Chromista	Oomycota	Peronosporea	Peronosporales	Peronosporaceae	Peronospora	Peronospora arborescens s. lat.	Botrytis arborescens;Peronospora arborescens	BMSSYS0000002838;NHMSYS0001492213			Y		
NBNORG0000133588	NHMSYS0021553719	Chromista	Oomycota	Peronosporea	Peronosporales	Peronosporaceae	Peronospora	Peronospora arborescens s. str.			(Berk.) Casp.		Y		
NBNORG0000013722	NBNSYS0000015416	Chromista	Oomycota	Peronosporea	Peronosporales	Peronosporaceae	Peronospora	Peronospora farinosa s. lat.	Botrytis epiphylla;Botrytis farinosa	BMSSYS0000002853;BMSSYS0000002855	(Fr.) Fr.		Y		
NBNORG0000013743	NHMSYS0021576783	Chromista	Oomycota	Peronosporea	Peronosporales	Peronosporaceae	Peronospora	Peronospora sparsa s. lat.	Peronospora fragariae;Peronospora pimpinellifolia;Peronospora sparsa	NBNSYS0000015420;BMSSYS0000049095;NBNSYS0000015460			Y		
NBNORG0000133608	NHMSYS0021553819	Chromista	Oomycota	Peronosporea	Peronosporales	Peronosporaceae	Peronospora	Peronospora sparsa s. str.			Berk.		Y		
NBNORG0000013746	NHMSYS0021576788	Chromista	Oomycota	Peronosporea	Peronosporales	Peronosporaceae	Peronospora	Peronospora trifoliorum s. lat.	Peronospora trifolii-minoris;Peronospora trifolii-pratensis;Peronospora trifolii-repentis;Peronospora trifoliorum	BMSSYS0000049099;NHMSYS0001492258;BMSSYS0000049100;NBNSYS0000015464			Y		
NBNORG0000133613	NHMSYS0021553844	Chromista	Oomycota	Peronosporea	Peronosporales	Peronosporaceae	Peronospora	Peronospora trifoliorum s. str.			de Bary		Y		
NBNORG0000013749	NHMSYS0021576793	Chromista	Oomycota	Peronosporea	Peronosporales	Peronosporaceae	Peronospora	Peronospora viciae s. lat.	Botrytis viciae;Peronospora viciae;Peronospora viciae-sativae	NHMSYS0001476202;BMSSYS0000049102;BMSSYS0000013231			Y		
NBNORG0000133614	NHMSYS0021553849	Chromista	Oomycota	Peronosporea	Peronosporales	Peronosporaceae	Peronospora	Peronospora viciae s. str.			(Berk.) Casp.		Y		
NBNORG0000082796	NHMSYS0021576808	Chromista	Oomycota	Peronosporea	Peronosporales	Peronosporaceae	Plasmopara	Plasmopara crustosa s. lat.	Botrytis crustosa;Peronospora podagrariae;Peronospora umbelliferarum;Plasmopara crustosa;Plasmopara podagrariae;Plasmopara umbelliferarum;Verticillium crustosum	NHMSYS0001476188;NHMSYS0001492246;NHMSYS0001492262;NHMSYS0001493928;NHMSYS0001493932;BMSSYS0000014655;BMSSYS0000052501			Y		
NBNORG0000133642	NHMSYS0021553989	Chromista	Oomycota	Peronosporea	Peronosporales	Peronosporaceae	Plasmopara	Plasmopara crustosa s. str.			(Fr.) Jørst.		Y		
NBNORG0000133647	NHMSYS0021554014	Chromista	Oomycota	Peronosporea	Peronosporales	Peronosporaceae	Plasmopara	Plasmopara nivea s. lat.	Botrytis nivea;Peronospora nivea;Plasmopara nivea	NHMSYS0001476196;BMSSYS0000049092;NHMSYS0001493931			Y		
NBNORG0000133648	NHMSYS0021554019	Chromista	Oomycota	Peronosporea	Peronosporales	Peronosporaceae	Plasmopara	Plasmopara nivea s. str.	Plasmopara aegopodii	BMSSYS0000014652	(Unger) J. Schröt.		Y		
NBNORG0000082799	NHMSYS0021576813	Chromista	Oomycota	Peronosporea	Peronosporales	Peronosporaceae	Plasmopara	Plasmopara pusilla s. lat.	Peronospora pusilla;Plasmopara pusilla	BMSSYS0000013220;NHMSYS0001493933			Y		
NBNORG0000133651	NHMSYS0021554034	Chromista	Oomycota	Peronosporea	Peronosporales	Peronosporaceae	Plasmopara	Plasmopara pusilla s. str.			(de Bary) J. Schröt.		Y		
NBNORG0000044130	NBNSYS0100012157	Chromista		Bacillariophyceae	Cymbellales	Gomphonemataceae	Gomphonema	Gomphonema (Other)			M Kelly				
NBNORG0000043985	NBNSYS0100011299	Chromista		Bacillariophyceae	Fragilariales	Fragilariaceae	Diatoma	Diatoma (Other)			M Kelly				
NBNORG0000044830	NBNSYS0100016044	Chromista		Bacillariophyceae	Fragilariales	Fragilariaceae	Synedra	Synedra (Other)			M Kelly				
NBNORG0000116784	NHMSYS0021130883	Chromista		Bacillariophyceae	Leptocylindrales	Leptocylindraceae	Leptocylindrus	Leptocylindrus cf. danicus							Y
NBNORG0000116785	NHMSYS0021130889	Chromista		Bacillariophyceae	Leptocylindrales	Leptocylindraceae	Leptocylindrus	Leptocylindrus cf. minimus							Y
NBNORG0000004449	NHMSYS0021843366	Fungi	Ascomycota	Dothideomycetes	Pleosporales	Phaeosphaeriaceae	Didymocyrtis	Didymocyrtis epiphyscia s. lat.	Didymocyrtis epiphyscia;Didymocyrtis epiphysica;Phoma physciicola	BMSSYS0000044964;BMSSYS0000533730;BMSSYS0000014013			Y		
NBNORG0000136824	NHMSYS0021843371	Fungi	Ascomycota	Dothideomycetes	Pleosporales	Phaeosphaeriaceae	Didymocyrtis	Didymocyrtis epiphyscia s. str.			Ertz & Diederich		Y		
NBNORG0000132555	NHMSYS0021351083	Fungi	Ascomycota	Dothideomycetes			Septonema	Septonema sp. nov.					Y	Y	
NBNORG0000134515	NHMSYS0021645955	Fungi	Ascomycota	Eurotiomycetes	Verrucariales	Verrucariaceae	Bagliettoa	Bagliettoa baldensis s. str.	Verrucaria baldensis s. str.	NHMSYS0021649395	(A. Massal.) Vězda		Y		
NBNORG0000134516	NHMSYS0021645960	Fungi	Ascomycota	Eurotiomycetes	Verrucariales	Verrucariaceae	Bagliettoa	Bagliettoa parmigera s. lat.	Bagliettoa baldensis;Verrucaria baldensis;Verrucaria parmigera;Verrucaria sphinctrina	NHMSYS0001475493;NHMSYS0001501536;NHMSYS0001443373;NHMSYS0001443375	(J.Steiner) Vězda & Poelt		Y		
NBNORG0000014688	BMSSYS0000045815	Fungi	Ascomycota	Geoglossomycetes	Geoglossales	Geoglossaceae	Glutinoglossum	Glutinoglossum glutinosum s. lat.	Geoglossum glutinosum	NBNSYS0000017340			Y		
NBNORG0000134919	NHMSYS0021701745	Fungi	Ascomycota	Geoglossomycetes	Geoglossales	Geoglossaceae	Glutinoglossum	Glutinoglossum glutinosum s. str.			(Pers.) Hustad, A.N. Mill., Dentinger & P.F. Cannon		Y		
NBNORG0000125452	NHMSYS0020103730	Fungi	Ascomycota	Lecanoromycetes	Lecanorales	Byssolomataceae	Micarea	Micarea prasina s. str.			Fr.		Y		
NBNORG0000125439	NBNSYS0000018346	Fungi	Ascomycota	Lecanoromycetes	Lecanorales	Cladoniaceae	Cladonia	Cladonia arbuscula s. str.	Cladonia arbuscula subsp. arbuscula;Cladonia arbuscula subsp. squarrosa	NHMSYS0001477597;NBNSYS0000100702	(Wallr.) Flot.		Y		
NBNORG0000091505	NHMSYS0020105992	Fungi	Ascomycota	Lecanoromycetes	Lecanorales	Cladoniaceae	Cladonia	Cladonia chlorophaea s. str.			(Flörke ex Sommerf.) Spreng.		Y		
NBNORG0000125454	NHMSYS0020105993	Fungi	Ascomycota	Lecanoromycetes	Lecanorales	Cladoniaceae	Cladonia	Cladonia coccifera s. str.	Cladonia coccifera f. asotea	BMSSYS0000003897	(L.) Willd.		Y		
NBNORG0000108541	NHMSYS0021576563	Fungi	Ascomycota	Lecanoromycetes	Lecanorales	Cladoniaceae	Cladonia	Cladonia grayi s. lat.	Cladonia grayi	NBNSYS0000018378			Y		
NBNORG0000133402	NHMSYS0021552784	Fungi	Ascomycota	Lecanoromycetes	Lecanorales	Cladoniaceae	Cladonia	Cladonia grayi s. str.			G.K. Merr. ex Sandst.		Y		
NBNORG0000015433	NBNSYS0000018579	Fungi	Ascomycota	Lecanoromycetes	Lecanorales	Lecanoraceae	Lecanora	Lecanora chlarotera s. lat.	Lecanora allophana;Lecanora chlarona;Lecanora chlarotera f. crassula;Lecanora crassula;Lecanora distincta var. chlarona;Lecanora rugosa;Lecanora subfusca;Lecanora subfusca var. allophana;Lecanora subfusca var. chlarona;Lichen subfuscus;Parmelia subfusca	NHMSYS0001442830;NHMSYS0001486339;BMSSYS0000009479;BMSSYS0000009499;NHMSYS0001486366;NHMSYS0001486446;NHMSYS0001442854;NHMSYS0001486468;NHMSYS0001486470;NHMSYS0020990566;BMSSYS0000048923			Y		
NBNORG0000136166	NHMSYS0021795122	Fungi	Ascomycota	Lecanoromycetes	Lecanorales	Lecanoraceae	Lecanora	Lecanora chlarotera s. str.			Nyl.		Y		
NBNORG0000091504	NHMSYS0020105991	Fungi	Ascomycota	Lecanoromycetes	Lecanorales	Parmeliaceae	Cetrelia	Cetrelia olivetorum s. str.			(Nyl.) W.L. Culb. & C.F. Culb.		Y		
NBNORG0000108574	NHMSYS0020987692	Fungi	Ascomycota	Lecanoromycetes	Lecanorales	Parmeliaceae	Hypotrachyna	Hypotrachyna revoluta s. str.	Parmelia revoluta	NHMSYS0001491862	(Flörke) Hale		Y		
NBNORG0000125441	NHMSYS0000363400	Fungi	Ascomycota	Lecanoromycetes	Lecanorales	Parmeliaceae	Parmelia	Parmelia saxatilis s. str.			(L.) Ach.		Y		
NBNORG0000091497	NHMSYS0020102992	Fungi	Ascomycota	Lecanoromycetes	Lecanorales	Parmeliaceae	Pseudevernia	Pseudevernia furfuracea s. str.	Pseudevernia furfuracea var. ceratea;Pseudevernia furfuracea var. furfuracea	NHMSYS0001495159;NHMSYS0001495160	(L.) Zopf		Y		
NBNORG0000125447	NHMSYS0000364730	Fungi	Ascomycota	Lecanoromycetes	Lecanorales	Parmeliaceae	Punctelia	Punctelia subrudecta s. str.			(Nyl.) Krog		Y		
NBNORG0000085207	NHMSYS0021646105	Fungi	Ascomycota	Lecanoromycetes	Lecanorales	Parmeliaceae	Usnea	Usnea cornuta s. lat.	Usnea ceratina f. inflata;Usnea ceratina var. incurvescens;Usnea constrictula;Usnea cornuta;Usnea dasaea;Usnea inflata;Usnea intexta;Usnea intexta var. constrictula;Usnea subcornuta	NHMSYS0001501153;NHMSYS0001443345;BMSSYS0000019412;NHMSYS0001501160;BMSSYS0000019413;NBNSYS0000158874;BMSSYS0000019429;BMSSYS0000290055;BMSSYS0000019445			Y		
NBNORG0000134537	NHMSYS0021646065	Fungi	Ascomycota	Lecanoromycetes	Lecanorales	Parmeliaceae	Usnea	Usnea cornuta s. str.			Körb.		Y		
NBNORG0000108575	NHMSYS0020987696	Fungi	Ascomycota	Lecanoromycetes	Lecanorales	Ramalinaceae	Lecania	Lecania erysibe s. str.	Lecania erysibe f. sorediata;Lecaniella erysibe	NHMSYS0001486276;BMSSYS0000731172	(Ach.) Mudd		Y		
NBNORG0000125445	NHMSYS0000364677	Fungi	Ascomycota	Lecanoromycetes	Lecanorales	Stereocaulaceae	Lepraria	Lepraria incana s. str.	Crocynia tephra	BMSSYS0000005306	(L.) Ach.		Y		
NBNORG0000108586	NHMSYS0020987752	Fungi	Ascomycota	Lecanoromycetes	Lecideales	Lecideaceae	Lecidea	Lecidea fuscoatra s. str.	Durella fuscoatra;Durella fuscoatrum;Lecidea fuscoatra f. mosigii;Lichen fusco-ater	BMSSYS0000045125;NHMSYS0001481196;BMSSYS0000009827;BMSSYS0000533935	(L.) Ach.		Y		
NBNORG0000125444	NHMSYS0000364668	Fungi	Ascomycota	Lecanoromycetes	Lecideales	Lecideaceae	Lecidea	Lecidea lactea s. str.	Lecidea lapicida var. pantherina;Lecidea pantherina	NHMSYS0020990404;BMSSYS0000009950	Flörke ex Schaer.		Y		
NBNORG0000077706	BMSSYS0000046963	Fungi	Ascomycota	Lecanoromycetes	Peltigerales	Collemataceae	Lathagrium	Lathagrium undulatum var. undulatum	Collema laureri;Collema undulatum;Collema undulatum var. undulatum;Synechoblastus complicatus;Synechoblastus laureri	NHMSYS0001478274;NBNSYS0000018457;NHMSYS0001478326;NHMSYS0001499325;BMSSYS0000018224	(Laurer ex Flot.) Otálora, P.M. Jørg. & Wedin		Y		
NBNORG0000125442	NHMSYS0000364214	Fungi	Ascomycota	Lecanoromycetes	Peltigerales	Lobariaceae	Sticta	Sticta fuliginosa s. str.			(Hoffm.) Ach.		Y		
NBNORG0000125404	BMSSYS0000534061	Fungi	Ascomycota	Lecanoromycetes	Peltigerales	Pannariaceae	Pectenia	Pectenia plumbea s. str.	Degelia plumbea s. str.;Pannaria plumbea s. str.;Parmeliella plumbea s. str.	NBNSYS0000018912;NHMSYS0020987920;NHMSYS0020987946	(Lightf.) L. Lindblom, Wedin & S. Ekman		Y		
NBNORG0000123043	NHMSYS0021843361	Fungi	Ascomycota	Lecanoromycetes	Teloschistales	Teloschistaceae	Athallia	Athallia holocarpa s. lat.	Athallia holocarpa;Callopisma pyraceum;Caloplaca holocarpa;Caloplaca holocarpa s. lat.;Caloplaca holocarpa var. pyrithroma;Caloplaca pyracea;Caloplaca pyracea var. pyrithroma;Lecanora pyracea;Lecidea rupestris var. pyrithroma;Placodium pyraceum;Placodium pyraceum f. pictum;Placodium pyraceum var. holocarpum;Placodium pyraceum var. pyrithromum;Verrucaria obliterata var. holocarpa;Verrucaria oblitterata var. holocarpa	NHMSYS0020989762;NHMSYS0020989873;NBNSYS0000020540;BMSSYS0000043346;BMSSYS0000003139;BMSSYS0000533626;BMSSYS0000003155;NHMSYS0020990393;NHMSYS0001486894;NHMSYS0020990942;NHMSYS0020990944;BMSSYS0000014604;BMSSYS0000014606;NHMSYS0001501666;BMSSYS0000597923			Y		
NBNORG0000108522	NHMSYS0021843356	Fungi	Ascomycota	Lecanoromycetes	Teloschistales	Teloschistaceae	Athallia	Athallia holocarpa s. str.	Caloplaca holocarpa s. str.	NHMSYS0020987564	(Hoffm.) Arup, Frödén & Søchting		Y		
NBNORG0000123126	NHMSYS0021797757	Fungi	Ascomycota	Lecanoromycetes	Teloschistales	Teloschistaceae	Blastenia	Blastenia ferruginea s. lat.	Callopisma ferrugineum;Caloplaca aurantiaca;Caloplaca ferruginea agg.;Caloplaca ferruginea s. lat.;Lecanora aurantiaca;Lecanora ferruginea;Lecidea ferruginea;Lichen aurantiacus;Lichen ferrugineus;Placodium ferrugineum	NHMSYS0020989870;NHMSYS0001476627;NHMSYS0001476641;BMSSYS0000533619;BMSSYS0000046990;NHMSYS0020990353;NHMSYS0020990017;NHMSYS0001487914;NHMSYS0001488049;BMSSYS0000014578			Y		
NBNORG0000108517	NHMSYS0020989825	Fungi	Ascomycota	Lecanoromycetes	Teloschistales	Teloschistaceae	Blastenia	Blastenia ferruginea s. str.	Caloplaca ferruginea s. str.	NHMSYS0020987548	(Huds.) A. Massal.		Y		
NBNORG0000136165	NHMSYS0021795117	Fungi	Ascomycota	Lecanoromycetes	Teloschistales	Teloschistaceae	Blastenia	Blastenia herbidella s. lat.	Caloplaca hebridella;Caloplaca herbidella s. lat.	NBNSYS0000020539;BMSSYS0000043345			Y		
NBNORG0000108520	NHMSYS0020989826	Fungi	Ascomycota	Lecanoromycetes	Teloschistales	Teloschistaceae	Blastenia	Blastenia herbidella s. str.	Blastenia caesiorufa f. herbidella;Caloplaca herbidella s. str.	NHMSYS0001475794;NHMSYS0020987556	(Hue) Servít		Y		
NBNORG0000123114	NHMSYS0021843376	Fungi	Ascomycota	Lecanoromycetes	Teloschistales	Teloschistaceae	Flavoplaca	Flavoplaca citrina s. lat.	Callopisma citrinum;Caloplaca citrina;Caloplaca citrina agg.;Caloplaca citrina s. lat.;Caloplaca citrina var. maritima;Parmelia citrina;Placodium citrinum;Verrucaria citrina	NHMSYS0020989869;NHMSYS0001476635;NHMSYS0001476636;BMSSYS0000289920;NHMSYS0001442576;BMSSYS0000048862;NHMSYS0020990931;NHMSYS0001501555			Y		
NBNORG0000125453	NHMSYS0021843381	Fungi	Ascomycota	Lecanoromycetes	Teloschistales	Teloschistaceae	Flavoplaca	Flavoplaca citrina s. str.	Caloplaca citrina s. str.	NHMSYS0020105990	(Hoffm.) Arup, Frödén & Søchting		Y		
NBNORG0000123118	NHMSYS0021843396	Fungi	Ascomycota	Lecanoromycetes	Teloschistales	Teloschistaceae	Polycauliona	Polycauliona candelaria s. lat.	Parmelia candelaria;Parmelia candelaria var. lychnea;Physcia lychnea;Physcia parietina var. lychnea;Squamaria candelaria;Xanthoria candelaria;Xanthoria candelaria agg.;Xanthoria candelaria s. lat.;Xanthoria lychnea;Xanthoria lychnea var. perfusa	NHMSYS0019999814;NHMSYS0001491763;NHMSYS0020990901;NHMSYS0020990909;NHMSYS0001498806;NHMSYS0001501919;NHMSYS0001501920;BMSSYS0000290075;NHMSYS0001501924;NHMSYS0021797747			Y		
NBNORG0000125455	BMSSYS0000534105	Fungi	Ascomycota	Lecanoromycetes	Teloschistales	Teloschistaceae	Polycauliona	Polycauliona candelaria s. str.	Lecanora candelaria;Lichen candelarius;Massjukiella candelaria;Xanthoria candelaria s. str.	NHMSYS0021647615;NHMSYS0001487934;NHMSYS0020990584;NHMSYS0020105998	(L.) Fröden, Arup & Søchting		Y		
NBNORG0000125451	NHMSYS0020000048	Fungi	Ascomycota	Lecanoromycetes	Baeomycetales	Trapeliaceae	Trapelia	Trapelia glebulosa s. str.	Biatora coarctata var. glebulosa;Discocera lichenicola;Gallowayiopsis glebulosa;Lecidea coarctata f. glebulosa;Lecidea coarctata var. glebulosa;Lecidea lichenicola;Lichen glebulosus;Nesolechia lichenicola	BMSSYS0000002355;NHMSYS0001480981;NHMSYS0021905543;NHMSYS0020989989;NHMSYS0020989990;NBNSYS0000018684;NHMSYS0020990543;BMSSYS0000012059	(Sm.) J.R. Laundon		Y		
NBNORG0000125440	NBNSYS0000019106	Fungi	Ascomycota	Lecanoromycetes	Baeomycetales	Trapeliaceae	Trapelia	Trapelia involuta s. str.	Biatora coarctata f. microphyllina;Lecanora involuta;Lecidea coarctata f. microphyllina;Lecidea coarctata var. ornata;Trapelia glebulosa;Trapelia ornata	NHMSYS0021843321;BMSSYS0000009546;NHMSYS0021843316;BMSSYS0000009741;BMSSYS0000728282;BMSSYS0000018723	(Taylor) Hertel		Y		
NBNORG0000014471	NHMSYS0021794957	Fungi	Ascomycota	Lecanoromycetes	Ostropales	Graphidaceae	Graphis	Graphis scripta s. lat.	Graphis diffracta;Graphis diffracta f. minor;Graphis diffracta var. flexuosa;Graphis diffracta var. major;Graphis diffracta var. minor;Graphis diffracta var. radiata;Graphis scripta;Graphis scripta f. divaricata;Graphis scripta f. eutypa;Graphis scripta f. flexuosa;Graphis scripta f. horizontalis;Graphis scripta f. major;Graphis scripta f. minor;Graphis scripta f. radiata;Graphis scripta f. recta;Graphis scripta f. varia;Graphis scripta var. abietina;Graphis scripta var. cerasi;Graphis scripta var. diffracta;Graphis scripta var. diffracta f. flexuosa;Graphis scripta var. diffracta f. major;Graphis scripta var. diffracta f. minor;Graphis scripta var. diffracta f. radiata;Graphis scripta var. divaricata;Graphis scripta var. eutypa;Graphis scripta var. flexuosa;Graphis scripta var. fraxini;Graphis scripta var. horizontalis;Graphis scripta var. limitata;Graphis scripta var. minuta;Graphis scripta var. pulverulenta;Graphis scripta var. radiata;Graphis scripta var. recta;Graphis scripta var. serpentina;Graphis scripta var. serpentina f. eutypa;Graphis scripta var. spathea;Graphis scripta var. stellata;Graphis scripta var. tremulans;Graphis scripta var. typographica;Graphis scripta var. varia;Graphis serpentina;Graphis serpentina f. eutypa;Graphis serpentina var. diffusa;Graphis serpentina var. divaricata;Graphis serpentina var. eutypa;Graphis serpentina var. flexuosa;Graphis serpentina var. horizontalis;Graphis serpentina var. minuta;Graphis serpentina var. radiata;Graphis serpentina var. recta;Graphis serpentina var. spathea;Graphis serpentina var. stellata;Graphis serpentina var. tremulans;Graphis serpentina var. varia;Lichen serpentinus;Opegrapha cerasi;Opegrapha pulverulenta;Opegrapha pulverulenta var. fraxini;Opegrapha recta;Opegrapha scripta var. abietina;Verrucaria typographica	NHMSYS0001483169;BMSSYS0000045881;NHMSYS0001483170;NHMSYS0001483171;NHMSYS0001483172;NHMSYS0001483173;NBNSYS0000016935;BMSSYS0000007422;NHMSYS0001483183;BMSSYS0000045885;NHMSYS0001483185;NHMSYS0001483186;NHMSYS0001483187;NHMSYS0001483188;NHMSYS0001483189;NHMSYS0001483190;BMSSYS0000007419;BMSSYS0000007420;NHMSYS0001483191;BMSSYS0000533773;BMSSYS0000533774;BMSSYS0000533775;BMSSYS0000533776;NHMSYS0001483193;BMSSYS0000007423;NHMSYS0001483195;BMSSYS0000045889;BMSSYS0000007426;BMSSYS0000045890;BMSSYS0000007428;BMSSYS0000007429;NHMSYS0001483197;BMSSYS0000045891;BMSSYS0000007431;BMSSYS0000533777;NHMSYS0020990243;NHMSYS0001483201;NHMSYS0001483202;BMSSYS0000007433;NHMSYS0001483203;BMSSYS0000045892;BMSSYS0000045893;NHMSYS0001483205;NHMSYS0001483206;NHMSYS0001483207;NHMSYS0001483208;NHMSYS0001483209;NHMSYS0001483210;NHMSYS0001483211;NHMSYS0001483212;NHMSYS0001483213;NHMSYS0001483214;NHMSYS0001483215;NHMSYS0001483216;NHMSYS0001488281;NHMSYS0001491366;NHMSYS0001491397;NHMSYS0001491399;NHMSYS0001491401;NHMSYS0001491412;NHMSYS0001501724			Y		
NBNORG0000136120	NHMSYS0021794962	Fungi	Ascomycota	Lecanoromycetes	Ostropales	Graphidaceae	Graphis	Graphis scripta s. str.	Lichen scriptus;Opegrapha scripta	NHMSYS0001488274;NHMSYS0001491411	(L.) Ach.		Y		
NBNORG0000125443	NHMSYS0000364601	Fungi	Ascomycota	Lecanoromycetes	Pertusariales	Megasporaceae	Aspicilia	Aspicilia cinerea s. str.			(L.) Körb.		Y		
NBNORG0000125446	NHMSYS0000364693	Fungi	Ascomycota	Lecanoromycetes	Pertusariales	Ochrolechiaceae	Ochrolechia	Ochrolechia turneri s. str.	Ochrolechia parella var. turneri	NHMSYS0020990650	(Sm.) Hasselrot		Y		
NBNORG0000081025	NHMSYS0021843386	Fungi	Ascomycota	Lecanoromycetes		Sarrameanaceae	Loxospora	Loxospora elatina s. lat.	Haematomma elatinum;Lecanora elatina;Lichen elatinus;Loxaspora elatina;Pseudographis elatina	NHMSYS0001483482;NHMSYS0001486369;NHMSYS0001488024;NBNSYS0000150846;NBNSYS0000019281			Y		
NBNORG0000136825	NHMSYS0021843391	Fungi	Ascomycota	Lecanoromycetes		Sarrameanaceae	Loxospora	Loxospora elatina s. str.			(Ach.) A. Massal.		Y		
NBNORG0000014427	NBNSYS0000016820	Fungi	Ascomycota	Leotiomycetes	Helotiales	Erysiphaceae	Blumeria	Blumeria graminis s. lat.	Erysiphe graminis	NBNSYS0000147034			Y		
NBNORG0000135983	NHMSYS0021782130	Fungi	Ascomycota	Leotiomycetes	Helotiales	Erysiphaceae	Blumeria	Blumeria graminis s. str.			(DC.) Speer		Y		
NBNORG0000014407	NHMSYS0021646090	Fungi	Ascomycota	Leotiomycetes	Helotiales	Erysiphaceae	Golovinomyces	Golovinomyces biocellatus s. lat.	Acrosporium erysiphoides;Alphitomorpha biocellata;Erysiphe biocellata;Erysiphe salviae;Euoidium erysiphoides;Golovinomyces biocellatus	NHMSYS0021651735;NHMSYS0021651730;NBNSYS0000016788;NHMSYS0001481954;NHMSYS0021651740;BMSSYS0000045846	(Ehrenb.) V.P. Heluta		Y		
NBNORG0000133487	NHMSYS0021553209	Fungi	Ascomycota	Leotiomycetes	Helotiales	Erysiphaceae	Golovinomyces	Golovinomyces biocellatus s. str.			(Ehrenb.) V.P. Heluta		Y		
NBNORG0000090860	NHMSYS0019999598	Fungi	Ascomycota	Leotiomycetes	Helotiales	Erysiphaceae	Golovinomyces	Golovinomyces cynoglossi s. lat.	Alphitomorpha cynoglossi;Erysiphe asperifoliorum;Erysiphe cynoglossi	BMSSYS0000001312;NHMSYS0001442731;NHMSYS0001481912			Y		
NBNORG0000135978	NHMSYS0021782105	Fungi	Ascomycota	Leotiomycetes	Helotiales	Erysiphaceae	Golovinomyces	Golovinomyces cynoglossi s. str.			(Wallr.) V.P. Heluta		Y		
NBNORG0000080904	NHMSYS0001487847	Fungi	Ascomycota	Leotiomycetes	Helotiales	Erysiphaceae	Leveillula	Leveillula taurica s. lat.	Erysiphe taurica;Leveillula cistacearum;Leveillula compositarum;Leveillula malvacearum;Oidiopsis taurica	NHMSYS0001481959;NBNSYS0000150531;NBNSYS0000150532;NBNSYS0000150533;NBNSYS0000152575	(Lév.) G. Arnaud		Y		
NBNORG0000133547	NHMSYS0021553509	Fungi	Ascomycota	Leotiomycetes	Helotiales	Erysiphaceae	Leveillula	Leveillula taurica s. str.			(Lév.) G. Arnaud		Y		
NBNORG0000082666	NHMSYS0001493582	Fungi	Ascomycota	Leotiomycetes	Helotiales	Erysiphaceae	Phyllactinia	Phyllactinia guttata s. lat.	Alphitomorpha guttata;Erysiphe suffulta;Phyllactinia corylea;Phyllactinia guttata agg.;Phyllactinia suffulta	NHMSYS0001474383;NHMSYS0001481956;NHMSYS0001493581;BMSSYS0000290025;BMSSYS0000014226	(Wallr.) Lév.		Y		
NBNORG0000133623	NHMSYS0021553894	Fungi	Ascomycota	Leotiomycetes	Helotiales	Erysiphaceae	Phyllactinia	Phyllactinia guttata s. str.			(Wallr.) Lév.		Y		
NBNORG0000014404	NHMSYS0021576818	Fungi	Ascomycota	Leotiomycetes	Helotiales	Erysiphaceae	Podosphaera	Podosphaera tridactyla s. lat.	Alphitomorpha tridactyla;Erysiphe bertolinii;Erysiphe tridactyla;Oidium passerinii;Podosphaera clandestina var. tridactyla;Podosphaera oxyacanthae var. tridactyla;Podosphaera tridactyla;Podosphaera tridactyla var. prunicola	NHMSYS0001474389;BMSSYS0000006654;NHMSYS0021647295;NBNSYS0000152583;BMSSYS0000049927;NHMSYS0001494320;NBNSYS0000016783;NHMSYS0021649740	(Wallr.) de Bary		Y		
NBNORG0000133666	NHMSYS0021554109	Fungi	Ascomycota	Leotiomycetes	Helotiales	Erysiphaceae	Podosphaera	Podosphaera tridactyla s. str.			(Wallr.) de Bary		Y		
NBNORG0000136359	NBNSYS0000017176	Fungi	Ascomycota	Leotiomycetes	Helotiales	Tricladiaceae	Cudoniella	Cudoniella clavus var. grandis			(Boud.) Dennis		Y		
NBNORG0000014811	NBNSYS0000017521	Fungi	Ascomycota	Leotiomycetes	Leotiales	Leotiaceae	Microglossum	Microglossum olivaceum agg.	Geoglossum olivaceum;Leptoglossum olivaceum;Mitrula olivacea	BMSSYS0000007143;NHMSYS0001487451;BMSSYS0000011371			Y		
NBNORG0000091500	NHMSYS0020103100	Fungi	Ascomycota		Thelocarpales	Thelocarpaceae	Thelocarpon	Thelocarpon epibolum s. str.	Thelocarpon epibolum var. epibolum;Thelocarpon epibolum var. epithallinum	NHMSYS0001499647;NBNSYS0000019078	Nyl.		Y		
NBNORG0000091187	NHMSYS0020039553	Fungi	Ascomycota					Lichen (unidentified)					Y		
NBNORG0000138516	NHMSYS0021937894	Fungi	Basidiomycota	Agaricomycetes	Agaricales	Clavariaceae	Clavaria	Clavaria zollingeri s. lat.	Clavaria amethystina;Clavaria zollingeri	NHMSYS0001477753;NBNSYS0000020751			Y		
NBNORG0000077125	BMSSYS0000728900	Fungi	Basidiomycota	Agaricomycetes	Agaricales	Clavariaceae	Hodophilus	Hodophilus hymenocephalus s. lat.	Armillariella hymenocephala;Camarophyllopsis hymenocephala;Camarophyllus hymenocephalus;Hygrocybe hymenocephala;Hygrotrama hymenocephalum	NHMSYS0001474880;NHMSYS0001476739;NBNSYS0000143556;NHMSYS0001484473;NHMSYS0001484710			Y		
NBNORG0000136584	NHMSYS0021835626	Fungi	Basidiomycota	Agaricomycetes	Agaricales	Clavariaceae	Ramariopsis	Ramariopsis kunzei s. str.			(Fr.) Corner		Y		
NBNORG0000078825	NHMSYS0021576643	Fungi	Basidiomycota	Agaricomycetes	Agaricales	Entolomataceae	Entoloma	Entoloma bloxamii s. lat.	Entoloma bloxamii;Entoloma bloxamii var. triste;Entoloma madidum	NHMSYS0001481464;BMSSYS0000006462;NHMSYS0001481595			Y		
NBNORG0000133453	NHMSYS0021553039	Fungi	Basidiomycota	Agaricomycetes	Agaricales	Entolomataceae	Entoloma	Entoloma bloxamii s. str.	Agaricus rubellus;Entoloma bloxamii var. rubellum;Entoloma rubellum	BMSSYS0000042256;BMSSYS0000533746;BMSSYS0000045289	(Berk. & Broome) Sacc.		Y		
NBNORG0000078842	NHMSYS0021823736	Fungi	Basidiomycota	Agaricomycetes	Agaricales	Entolomataceae	Entoloma	Entoloma corvinum s. lat.	Entoloma corvinum;Leptonia corvina	NHMSYS0001481534;NHMSYS0001487485			Y		
NBNORG0000002002	NHMSYS0021832816	Fungi	Basidiomycota	Agaricomycetes	Agaricales	Entolomataceae	Entoloma	Entoloma longistriatum s. lat.	Entoloma longistriatum;Entoloma longistriatum var. longistriatum;Entoloma longistriatum var. microsporum;Entoloma sarcitulum var. majusculum;Leptonia longistriata;Leptonia majuscula;Leptonia spurceifolia;Rhodophyllus sarcitus var. majusculus	BMSSYS0000006491;BMSSYS0000006492;BMSSYS0000006493;NHMSYS0001481659;BMSSYS0000010364;NHMSYS0001487512;NHMSYS0001487538;NBNSYS0000101165			Y		
NBNORG0000078924	NHMSYS0021835636	Fungi	Basidiomycota	Agaricomycetes	Agaricales	Entolomataceae	Entoloma	Entoloma rhombisporum s. lat.	Entoloma rhombisporum;Entoloma rhombisporum var. rhombisporum;Leptonia rhombispora;Nolanea rhombispora;Nolanea rhombisporus;Rhodophyllus rhombisporus	NHMSYS0001481651;BMSSYS0000045288;NHMSYS0001487527;NHMSYS0001490958;BMSSYS0000012108;NBNSYS0000155882	(Kühner & Boursier) E. Horak		Y		
NBNORG0000136585	NHMSYS0021835631	Fungi	Basidiomycota	Agaricomycetes	Agaricales	Entolomataceae	Entoloma	Entoloma rhombisporum s. str.			(Kühner & Boursier) E. Horak		Y		
NBNORG0000117683	NHMSYS0021843341	Fungi	Basidiomycota	Agaricomycetes	Agaricales	Hygrophoraceae	Arrhenia	Arrhenia peltigerina s. lat.	Arrhenia peltigerina;Omphalina peltigerina	NHMSYS0001474910;BMSSYS0000038514	(Peck) Redhead, Lutzoni, Moncalvo & Vilgalys		Y		
NBNORG0000133486	NHMSYS0021553204	Fungi	Basidiomycota	Agaricomycetes	Agaricales	Hygrophoraceae	Gliophorus	Gliophorus aff. perplexus	Gliophorus sciophanus	NHMSYS0021942539			Y		
NBNORG0000002687	NHMSYS0021646085	Fungi	Basidiomycota	Agaricomycetes	Agaricales	Hygrophoraceae	Gliophorus	Gliophorus perplexus agg.	Gliophorus psittacinus var. perplexus;Hygrocybe perplexa;Hygrocybe psittacina var. perplexa;Hygrocybe sciophana;Hygrophorus sciophanus	NHMSYS0021663386;BMSSYS0000008369;BMSSYS0000008377;NHMSYS0001484518;NBNSYS0000149172			Y		
NBNORG0000136583	NHMSYS0021835621	Fungi	Basidiomycota	Agaricomycetes	Agaricales	Hymenogastraceae	Hebeloma	Hebeloma crustuliniforme s. str.			(Bull.) Quél.		Y		
NBNORG0000123072	NHMSYS0021762100	Fungi	Basidiomycota	Agaricomycetes	Agaricales	Inocybaceae	Pseudosperma	Pseudosperma rimosum s. lat.	Inocybe fastigiata;Inocybe rimosa s. lat.	NHMSYS0001485348;BMSSYS0000046680			Y		
NBNORG0000134325	NHMSYS0021623224	Fungi	Basidiomycota	Agaricomycetes	Polyporales	Polyporaceae	Ganoderma	Ganoderma australe s. str.			(Fr.) Pat.	Y	Y		
NBNORG0000136412	NHMSYS0021832661	Fungi	Basidiomycota	Agaricomycetes	Thelephorales	Thelephoraceae	Phellodon	Phellodon niger s. str.			(Fr.) P. Karst.		Y		
NBNORG0000136163	NHMSYS0021795107	Fungi	Basidiomycota	Tremellomycetes	Filobasidiales	Filobasidiaceae	Zyzygomyces	Zyzygomyces polyblastidii s. lat.			Diederich, Flakus, Etayo & Rodr. Flakus		Y		
NBNORG0000076026	NHMSYS0021832721	Fungi	Basidiomycota	Pucciniomycetes	Pucciniales	Coleosporiaceae	Coleosporium	Coleosporium tussilaginis s. lat.	Caeoma compransor;Caeoma crustaceum;Caeoma rhinanthacearum;Caeoma spinulosum;Coleosporium rhinanthacearum;Coleosporium sonchi-arvensis;Coleosporium synantherarum;Coleosporium tropaeoli;Coleosporium tussilaginis;Peridermium acerifolium;Peridermium acicola;Peridermium acicolum;Peridermium oblongisporium;Peridermium pinicola;Peridermium plowrightii;Puccinia sonchi-arvensis;Trichobasis cichoracearum	NHMSYS0001476436;BMSSYS0000043263;NHMSYS0001476453;NHMSYS0001476454;NHMSYS0001478200;NHMSYS0001478203;NHMSYS0001478205;NHMSYS0001478206;BMSSYS0000043968;NHMSYS0001492179;BMSSYS0000049071;NHMSYS0001492180;NHMSYS0021789075;NHMSYS0001492186;NHMSYS0001492187;NHMSYS0001495734;BMSSYS0000051989			Y		
NBNORG0000138341	NHMSYS0021905613	Fungi	Basidiomycota	Pucciniomycetes	Pucciniales	Coleosporiaceae	Coleosporium	Coleosporium tussilaginis s. str.			(Pers.) Tul.		Y		
NBNORG0000136484	BMSSYS0000015635	Fungi	Basidiomycota	Pucciniomycetes	Pucciniales	Pucciniaceae	Puccinia	Puccinia coronata var. avenae	Puccinia coronata var. avenae f. sp. avenae;Puccinia coronata var. avenae f. sp. graminicola	NHMSYS0021833766;NHMSYS0021833771	W.P. Fraser & Ledingham		Y		
NBNORG0000085194	NHMSYS0001501126	Fungi	Basidiomycota	Pucciniomycetes	Pucciniales	Pucciniaceae	Uromyces	Uromyces pisi-sativi s. lat.	Coeomurus pisi;Puccinia laburni;Puccinia loti;Puccinia pisi;Uromyces loti;Uromyces phacae;Uromyces pisi	BMSSYS0000043953;NHMSYS0001495632;BMSSYS0000050316;NHMSYS0001495668;BMSSYS0000019386;BMSSYS0000019390;NHMSYS0001501124			Y		
NBNORG0000134087	NHMSYS0021600502	Fungi	Chytridiomycota	Chytridiomycetes	Chytridiales	Synchytriaceae	Synchytrium	Synchytrium aureum s. str.			J. Schröt.		Y		
NBNORG0000125048	BMSSYS0000598552	Fungi						Fungus (unidentified)					Y		
NBNORG0000109496	NBNSYS0000176342	Plantae						Maerl indet							Y
NBNORG0000024928	NHMSYS0021616551	Plantae	Marchantiophyta	Jungermanniopsida	Jungermanniales	Jungermanniaceae	Mesoptychia	Mesoptychia gillmanii var. laxa	Leiocolea rutheana var. laxa;Lophozia schultzii var. laxa	NBNSYS0000041594;NBNSYS0000101507	(Schiffn. ex Burrell) L.Söderstr.		Y	Y	
NBNORG0000134184	NBNSYS0000035842	Plantae	Marchantiophyta	Jungermanniopsida	Jungermanniales	Scapaniaceae	Lophozia	Lophozia ventricosa var. silvicola			(Buch) E.W.Jones & Schust.			Y	
NBNORG0000134185	NBNSYS0000035841	Plantae	Marchantiophyta	Jungermanniopsida	Jungermanniales	Scapaniaceae	Lophozia	Lophozia ventricosa var. ventricosa			(Dicks.) Dumort.			Y	
NBNORG0000134545	NHMSYS0021652440	Plantae	Bryophyta	Bryopsida	Bryales	Bryaceae	Ptychostomum	Ptychostomum rubens sensu Bijlsma et al. 2020					Y		
NBNORG0000134311	NHMSYS0021616596	Plantae	Bryophyta	Bryopsida	Dicranales	Pottiaceae	Didymodon	Didymodon tophaceus subsp. sicculus			(Brid.) Lisa		Y	Y	
NBNORG0000134310	NHMSYS0021616591	Plantae	Bryophyta	Bryopsida	Dicranales	Pottiaceae	Didymodon	Didymodon tophaceus subsp. tophaceus			(Brid.) Lisa		Y	Y	
NBNORG0000050156	NHMSYS0021600322	Plantae	Bryophyta	Bryopsida	Dicranales	Pottiaceae	Ephemerum	Ephemerum crassinervium subsp. sessile	Ephemerella sessilis;Ephemerum sessile	NBNSYS0000146863;NBNSYS0000036524	(Bruch) Holyoak		Y	Y	
NBNORG0000050478	NHMSYS0021616561	Plantae	Bryophyta	Bryopsida	Hypnales	Plagiotheciaceae	Plagiothecium	Plagiothecium denticulatum var. denticulatum	Plagiothecium denticulatum var. undulatum;Plagiothecium ruthei	NHMSYS0021194722;NBNSYS0000036912	(Hedw.) Schimp.		Y	Y	
NBNORG0000129271	NHMSYS0021232443	Plantae	Bryophyta	Bryopsida	Orthotrichales	Orthotrichaceae	Ulota	Ulota crispa s.str.	Ulota crispa var. crispa	NBNSYS0000036720	(Hedw.) Brid.		Y		
NBNORG0000050517	NHMSYS0021600187	Plantae	Bryophyta	Polytrichopsida	Polytrichales	Polytrichaceae	Polytrichum	Polytrichum commune s.str.	Polytrichum commune var. commune	NBNSYS0000036134	Hedw.		Y	Y	
NBNORG0000105322	NHMSYS0020825389	Plantae	Tracheophyta	Magnoliopsida	Asparagales	Amaryllidaceae	Allium	Allium spp.							
NBNORG0000105323	NHMSYS0020825395	Plantae	Tracheophyta	Magnoliopsida	Fabales	Fabaceae		Vicia spp.							
NBNORG0000047419	NBNSYS0500000081	Plantae	Tracheophyta	Magnoliopsida	Myrtales	Lythraceae	Lythrum	Lythrum portula subsp. longidentatum-subsp. portula intermediate					Y		
NBNORG0000115891	NHMSYS0021109657	Plantae	Tracheophyta	Magnoliopsida	Rosales	Rosaceae	Cotoneaster	Cotoneaster microphyllus s.str.				Y	Y		
