organism	common_name	current_status	insdc_id	tol_ids
Acanthis cabaret	lesser redpoll	Raw Data - Submitted	PRJEB98761	bAcaCab1
Achnanthes sp. CCAP 1095/1		Submitted to BioSamples	PRJEB105504	uoAchSpea1
Achnanthes sp. CCAP1095/4		Submitted to BioSamples	PRJEB105504	uoAchSpeb1
Acrodontium crateriforme		Submitted to BioSamples	PRJEB105504	gdAcrCrat1
Actenicerus siaelandicus		Assemblies - Submitted	PRJEB77635	icActSiae2;icActSiae4;icActSiae5;icActSiae1;icActSiae3
Actinauge abyssorum		Submitted to BioSamples	PRJEB105504	jaActAbys1;jaActAbys2
Aegonychon purpurocaeruleum	purple gromwell	Submitted to BioSamples	PRJEB105504	daAegPurp1
Alexandrium tamutum		Submitted to BioSamples	PRJEB105504	pyAleTamu3;pyAleTamu1
Allacma gallica		Submitted to BioSamples	PRJEB105504	qlAllGall4;qlAllGall1;qlAllGall2;qlAllGall3
Alleniella complanata		Submitted to BioSamples	PRJEB105504	cbAllComp5;cbAllComp3;cbAllComp4;cbAllComp2;cbAllComp6;cbAllComp1
Allolobophora icterica		Assemblies - Submitted	PRJEB64071	wcApoIcte2;wcApoIcte1
Allovahlkampfia minuta		Submitted to BioSamples	PRJEB105504	puAllMinu3;puAllMinu1
Alnetoidia alneti		Submitted to BioSamples	PRJEB105504	ihAlnAlne1
Amorpha juglandis		Submitted to BioSamples	PRJEB105504	ilAmoJugl1
Ampedus glycereus		Submitted to BioSamples	PRJEB105504	icAmpGlyc1
Amperima rosea		Submitted to BioSamples	PRJEB105504	ehAmpRose1
Amperima sp. GBC-2022		Submitted to BioSamples	PRJEB105504	ehAmpSpea1;ehAmpSpea2
Amphiprora hyalina		Submitted to BioSamples	PRJEB105504	uoAmpHyaa1
Amphora sp. CCAP 1001/3		Submitted to BioSamples	PRJEB105504	uoAmpSpea1
Anagallis arvensis		Annotation Complete	PRJEB76360	ddAnaArve1
Anethum foeniculum		Submitted to BioSamples	PRJEB105504	drAneFoen2
Ankistrodesmus sp. CCAP202/27		Submitted to BioSamples	PRJEB105504	ucAnkSpeb1
Ankistrodesmus sp. CCAP202/7D		Submitted to BioSamples	PRJEB105504	ucAnkSpec1
Ankistrodesmus sp. CCAP202/8B		Submitted to BioSamples	PRJEB105504	ucAnkSpea1
Ansanella natalensis		Submitted to BioSamples	PRJEB105504	pyAnsNata1
Aphelonyx cerricola		Submitted to BioSamples	PRJEB105504	iyAphCerr6;iyAphCerr5;iyAphCerr2;iyAphCerr1;iyAphCerr4;iyAphCerr3
Apohyale perieri		Submitted to BioSamples	PRJEB105504	qmApoPeri1
Apopellia endiviifolia		Submitted to BioSamples	PRJEB105504	cjApoEndi10;cjApoEndi5;cjApoEndi6;cjApoEndi1;cjApoEndi2;cjApoEndi9;cjApoEndi12;cjApoEndi11;cjApoEndi13;cjApoEndi8;cjApoEndi7;cjApoEndi3;cjApoEndi14;cjApoEndi4
Apusomonas proboscidea		Submitted to BioSamples	PRJEB105504	puApuProb2
Arachnomyces sp. KDTOL00113		Annotation Complete	PRJEB60195	gpAraSpea1;gpAraPeru1
Aradus truncatus		Assemblies - Submitted	PRJEB85019	ihAraTrun1
Archips crataeganus		Annotation Complete	PRJEB56799	ilArcCraa2;ilArcCraa3;ilArcCraa1
Archips podanus		Annotation Complete	PRJEB55945	ilArcPodn3;ilArcPodn5;ilArcPodn1;ilArcPodn2;ilArcPodn4
Arcitalitrus sylvaticus		Submitted to BioSamples	PRJEB105504	qmArcSylv1
Argentina anserina	silverweed cinquefoil	Annotation Complete	PRJEB46834	drPotAnse1
Arhochmus korotneffi		Submitted to BioSamples	PRJEB105504	tnArhKoro1
Aria arvonicola		Submitted to BioSamples	PRJEB105504	drAriArvo1
Aria edulis	chess-apple	Submitted to BioSamples	PRJEB105504	drAriEdul1
Aria eminens		Submitted to BioSamples	PRJEB105504	drSorEmin1
Aria hibernica		Submitted to BioSamples	PRJEB105504	drSorHibe1
Aria lancastriensis		Submitted to BioSamples	PRJEB105504	drSorLanc1
Aria porrigentiformis		Submitted to BioSamples	PRJEB105504	drSorPorr1
Aria richii		Submitted to BioSamples	PRJEB105504	drAriRich1
Aria vexans		Submitted to BioSamples	PRJEB105504	drSorVexa1
Aria wilmottiana		Submitted to BioSamples	PRJEB105504	drSorWilm1
Aria x leptophylla		Submitted to BioSamples	PRJEB105504	drSorLept1
Asperifolia arguta		Submitted to BioSamples	PRJEB105504	cjCalArgu1;cjCalArgu11;cjCalArgu24;cjCalArgu9;cjCalArgu5;cjCalArgu6;cjCalArgu12;cjCalArgu21;cjCalArgu18;cjCalArgu17;cjCalArgu16;cjCalArgu4;cjCalArgu3;cjCalArgu20;cjCalArgu8;cjCalArgu15;cjCalArgu7;cjCalArgu19;cjCalArgu22;cjCalArgu14;cjCalArgu23;cjCalArgu13;cjCalArgu10;cjCalArgu2
Asterina gibbosa (Pennant, 1777)		Assemblies - Submitted	PRJEB78960	eaAstGibb2;eaAstGibb1
Atractylocarpus subporodictyon		Assemblies - Submitted	PRJEB94769	cbAtrSubp16;cbAtrSubp8;cbAtrSubp12;cbAtrSubp15;cbAtrSubp11;cbAtrSubp13;cbAtrSubp1;cbAtrSubp5;cbAtrSubp2;cbAtrSubp14;cbAtrSubp17;cbAtrSubp3;cbAtrSubp9;cbAtrSubp10;cbAtrSubp6;cbAtrSubp7;cbAtrSubp4
Aulolaimus nannocephalus		Submitted to BioSamples	PRJEB105504	nxAulNann2
Baeacis abietis		Submitted to BioSamples	PRJEB105504	iyBaeAbie1;iyBaeAbie2
Balticola droebakensis		Submitted to BioSamples	PRJEB105504	ucBalDroe2
Bellardia viscosa		Annotation Complete	PRJEB76752	daBelVisc1
Bembidion genei illigeri		Submitted to BioSamples	PRJEB105504	icBemGene4;icBemGene3
Bicyclus anynana	squinting bush brown	Annotation Complete	PRJEB54937	ilBicAnyn3;ilBicAnyn1;ilBicAnyn2
Biomphalaria glabrata	bloodfluke planorb	Annotation Complete	PRJEB52578	xgBioGlab17;xgBioGlab34;xgBioGlab13;xgBioGlab39;xgBioGlab43;xgBioGlab6;xgBioGlab42;xgBioGlab48;xgBioGlab10;xgBioGlab49;xgBioGlab7;xgBioGlab22;xgBioGlab25;xgBioGlab44;xgBioGlab18;xgBioGlab46;xgBioGlab50;xgBioGlab38;xgBioGlab9;xgBioGlab31;xgBioGlab21;xgBioGlab33;xgBioGlab8;xgBioGlab36;xgBioGlab14;xgBioGlab35;xgBioGlab1;xgBioGlab41;xgBioGlab16;xgBioGlab11;xgBioGlab40;xgBioGlab45;xgBioGlab27;xgBioGlab47;xgBioGlab5;xgBioGlab24;xgBioGlab37;xgBioGlab28;xgBioGlab4;xgBioGlab19;xgBioGlab32;xgBioGlab2;xgBioGlab23;xgBioGlab29;xgBioGlab30;xgBioGlab12;xgBioGlab26;xgBioGlab20;xgBioGlab15
Bispira spirobranchia		Submitted to BioSamples	PRJEB105504	wsBisSpir1
Biston stratarius		Annotation Complete	PRJEB61132	ilBisStrt4;ilBisStrt3;ilBisStrt2;ilBisStrt1
Blepharostoma neglectum		Submitted to BioSamples	PRJEB105504	cjBleNegl1;cjBleNegl5;cjBleNegl7;cjBleNegl3;cjBleNegl2;cjBleNegl4;cjBleNegl8;cjBleNegl6
Blysmopsis rufa		Raw Data - Submitted	PRJEB81000	lpBlyRufa3;lpBlyRufa1;lpBlyRufa4;lpBlyRufa2
Bolbosoma balaenae		Submitted to BioSamples	PRJEB105504	taBolBala1
Bolbosoma turbinella		Submitted to BioSamples	PRJEB105504	taBolTurb1
Boreolithothamnion glaciale		Submitted to BioSamples	PRJEB105504	urLitGlac1
Botrydiopsis arhiza		Submitted to BioSamples	PRJEB105504	uoBotArhi1
Brassicogethes aeneus	rapeseed pollen beetle	Submitted to BioSamples	PRJEB105504	icBraAene1;icBraAene4;icBraAene6;icBraAene3;icBraAene2;icBraAene5
Brevioleria seba		Raw Data - Submitted	PRJEB65401	ilBreSeba1;ilBreSeba2
Bunostomum trigonocephalum	sheep hookworm	Submitted to BioSamples	PRJEB105504	nxBunTrig13;nxBunTrig8;nxBunTrig5;nxBunTrig17;nxBunTrig12;nxBunTrig18;nxBunTrig10;nxBunTrig16;nxBunTrig6;nxBunTrig9;nxBunTrig11;nxBunTrig14;nxBunTrig2;nxBunTrig15;nxBunTrig7;nxBunTrig4;nxBunTrig3;nxBunTrig1
Cadra abstersella		Submitted to BioSamples	PRJEB105504	ilCadAbst2;ilCadAbst1
Calamagrostis arenaria		Submitted to BioSamples	PRJEB105504	lpAmmAren1
Callyspongia ramosa		Submitted to BioSamples	PRJEB105504	odCalRamo1
Camptogramma bilineatum		Annotation Complete	PRJEB55947	ilCamBiln1;ilCamBiln2
Cantharis flavilabris		Annotation Complete	PRJEB59136	icCanFlav2;icCanFlav1
Cantharis nigra		Annotation Complete	PRJEB60707	icCanNigr3;icCanNigr1;icCanNigr2
Carabus violaceus purpurascens		Submitted to BioSamples	PRJEB105504	icCarViol2
Carpodesmia tamariscifolia		Submitted to BioSamples	PRJEB105504	uoCarTama1
Cenopis cana		Annotation Complete	PRJEB55955	ilCenCana3;ilCenCana4
Cercomonas pigra		Submitted to BioSamples	PRJEB105504	pcCerPigr1;pcCerPigr2
Cerinthe major subsp. purpurascens		Submitted to BioSamples	PRJEB105504	daCerMajo1
Ceutorhynchus obstrictus		Annotation Complete	PRJEB59807	icCeuObst2;icCeuObst9;icCeuObst6;icCeuObst1;icCeuObst3;icCeuObst7;icCeuObst8;icCeuObst4;icCeuObst5
Chaetoceros sp. PLY 617		Submitted to BioSamples	PRJEB105504	uoChaSpea1
Chaetophora lobata		Submitted to BioSamples	PRJEB105504	ucChaLoba1
Characium sp. CCAP209-2		Submitted to BioSamples	PRJEB105504	ucChaSpea1
Cheirocratus robustus		Submitted to BioSamples	PRJEB105504	qmCheRobt2;qmCheRobt1;qmCheRobt3
Chlamydomonas sp. PLY 498		Submitted to BioSamples	PRJEB105504	ucChlSpea1
Chlorocystis dangeardii		Submitted to BioSamples	PRJEB105504	ucChlDang1
Chloroidium ellipsoideum		Submitted to BioSamples	PRJEB105504	ucChlElls2
Chloroidium saccharophilum		Submitted to BioSamples	PRJEB105504	ucCloSacc1
Chloromonas sp. CCAP 11/118		Submitted to BioSamples	PRJEB105504	ucChlSpec1
Choerades marginata		Submitted to BioSamples	PRJEB105504	idChoMarg3;idChoMarg2;idChoMarg1
Chorosoma schillingii		Submitted to BioSamples	PRJEB105504	ihChoSchi2;ihChoSchi1
Chortodes extremus		Submitted to BioSamples	PRJEB105504	ilChoExtr1
Chortodes pygminus		Submitted to BioSamples	PRJEB105504	ilChoPygm5;ilChoPygm1;ilChoPygm4;ilChoPygm3;ilChoPygm2
Chromulina ochromonoides		Submitted to BioSamples	PRJEB105504	uoChrOchr1
Chrysogaster coemiteriorum		Submitted to BioSamples	PRJEB105504	idChrCemi1;idChrCemi2
Chrysotila carterae		Submitted to BioSamples	PRJEB105504	uhChrCart2;uhChrCart1;uhChrCart3
Chrysotila pseudoroscoffensis		Submitted to BioSamples	PRJEB105504	puChrPseu1
Cicerbita muralis		Submitted to BioSamples	PRJEB105504	daCicMura1
Ciliophrys infusionum		Submitted to BioSamples	PRJEB105504	uoCilInfu1
Cladocoryne floccosa		Submitted to BioSamples	PRJEB105504	jhClaFloc1
Cladonia gracilis subsp. turbinata		Submitted to BioSamples	PRJEB105504	glClaGrac1
Clavaria zollingeri		Submitted to BioSamples	PRJEB105504	gfClaZoll1
Cnephaeus nilssonii		Submitted to BioSamples	PRJEB105504	mEptNil4;mEptNil2;mEptNil3
Coccolithus braarudii		Submitted to BioSamples	PRJEB105504	puCocBraa1
Cochlicopa lubrica		Submitted to BioSamples	PRJEB105504	xgCocLubr3;xgCocLubr2;xgCocLubr1
Cochlostoma elegans		Submitted to BioSamples	PRJEB105504	xgCocEleg1
Codriophorus aciculare		Submitted to BioSamples	PRJEB105504	cbCodAcic2;cbCodAcic8;cbCodAcic10;cbCodAcic7;cbCodAcic12;cbCodAcic15;cbCodAcic3;cbCodAcic4;cbCodAcic1;cbCodAcic13;cbCodAcic6;cbCodAcic11;cbCodAcic5;cbCodAcic16;cbCodAcic14;cbCodAcic9
Coelioxys conoideus		Assemblies - Submitted	PRJEB55746	iyCoeConi4;iyCoeConi5;iyCoeConi1
Coleosporium tussilaginis		Submitted to BioSamples	PRJEB105504	gkColTuss1
Coleps viridis		Submitted to BioSamples	PRJEB105504	piColViri1
Collybiopsis hasanskyensis		Submitted to BioSamples	PRJEB105504	gfColHasa1
Colpoda steini		Submitted to BioSamples	PRJEB105504	piColStei1
Compsothamnion thuioides		Submitted to BioSamples	PRJEB105504	urComThui2;urComThui1;urComThui3
Cormus domestica		Submitted to BioSamples	PRJEB105504	drCorDome1
Cradoscrupocellaria ellisii		Submitted to BioSamples	PRJEB105504	tzCraElli1
Crambus perlellus		Submitted to BioSamples	PRJEB105504	ilCraPere4;ilCraPere1;ilCraPere3
Crenosoma striatum		Submitted to BioSamples	PRJEB105504	nxCreStri27;nxCreStri33;nxCreStri46;nxCreStri5;nxCreStri71;nxCreStri19;nxCreStri18;nxCreStri53;nxCreStri51;nxCreStri1;nxCreStri57;nxCreStri64;nxCreStri9;nxCreStri10;nxCreStri74;nxCreStri40;nxCreStri60;nxCreStri54;nxCreStri79;nxCreStri78;nxCreStri67;nxCreStri24;nxCreStri6;nxCreStri50;nxCreStri47;nxCreStri17;nxCreStri73;nxCreStri7;nxCreStri15;nxCreStri66;nxCreStri11;nxCreStri69;nxCreStri77;nxCreStri55;nxCreStri2;nxCreStri43;nxCreStri25;nxCreStri59;nxCreStri35;nxCreStri3;nxCreStri56;nxCreStri28;nxCreStri20;nxCreStri13;nxCreStri8;nxCreStri16;nxCreStri52;nxCreStri12;nxCreStri63;nxCreStri48;nxCreStri72;nxCreStri44;nxCreStri65;nxCreStri30;nxCreStri31;nxCreStri62;nxCreStri4;nxCreStri45;nxCreStri23;nxCreStri70;nxCreStri81;nxCreStri76;nxCreStri37;nxCreStri61;nxCreStri36;nxCreStri68;nxCreStri41;nxCreStri29;nxCreStri49;nxCreStri34;nxCreStri58;nxCreStri21;nxCreStri38;nxCreStri32;nxCreStri22;nxCreStri26;nxCreStri80;nxCreStri39;nxCreStri14;nxCreStri75;nxCreStri42
Crepidodera pluta		Submitted to BioSamples	PRJEB105504	icCrePlua1
Crocosmia x crocosmiiflora		Submitted to BioSamples	PRJEB105504	lsCroCroc1
Cryptomonas baltica		Assemblies - Submitted	PRJEB55799	uyRhoBalt1
Cryptomonas pyrenoidifera		Submitted to BioSamples	PRJEB105504	uyCryPyre1
Cryptopygus clavatus		Submitted to BioSamples	PRJEB105504	qlCryClav9;qlCryClav4;qlCryClav1;qlCryClav3;qlCryClav8;qlCryClav2;qlCryClav7;qlCryClav5;qlCryClav6
Ctenolepisma longicaudatum	long-tailed silverfish	Submitted to BioSamples	PRJEB105504	izCteLong3;izCteLong1;izCteLong2;izCteLong5;izCteLong6;izCteLong7;izCteLong4
Cuphophyllus pratensis		Submitted to BioSamples	PRJEB105504	gfCupPrat1
Cuthona pallida		Submitted to BioSamples	PRJEB105504	xgCutPall1
Cybocephalus nipponicus		Submitted to BioSamples	PRJEB105504	icCybNipp1;icCybNipp2
Cyclotella sp. CCAP1070/4		Submitted to BioSamples	PRJEB105504	uoCycSpea1
Cymatosira belgica		Submitted to BioSamples	PRJEB105504	uoCymBelg2
Cymbomonas sp. PLY 262		Submitted to BioSamples	PRJEB105504	ucCymSpea1
Cynanchica pyrenaica		Submitted to BioSamples	PRJEB105504	daAspCyna1;daAspCyna4;daAspCyna3;daAspCyna5;daAspCyna2;daAspCyna6
Cyrtopogon pulchripes		Assemblies - Submitted	PRJEB80966	idCyrPulc1;idCyrPulc2
Dactylopius coccus		Submitted to BioSamples	PRJEB105504	ihDacCocc6;ihDacCocc4;ihDacCocc5;ihDacCocc2;ihDacCocc3;ihDacCocc1
Deltalsia parasitica		Submitted to BioSamples	PRJEB105504	urSymPara1
Diacronema lutheri		Submitted to BioSamples	PRJEB105504	uhDiaLuth1;uhDiaLuth2
Diacronema sp. CCAP931/2		Submitted to BioSamples	PRJEB105504	uhDiaSpea1
Dilutineuron fasciculare		Assemblies - Submitted	PRJEB94719	cbDilFasc3;cbDilFasc11;cbDilFasc15;cbDilFasc8;cbDilFasc10;cbDilFasc6;cbDilFasc9;cbDilFasc4;cbDilFasc16;cbDilFasc1;cbDilFasc12;cbDilFasc14;cbDilFasc2;cbDilFasc7;cbDilFasc5;cbDilFasc13
Dinobryon sp. CCAP917/5		Submitted to BioSamples	PRJEB105504	uoDinCcap2
Dipturus intermedius		Submitted to BioSamples	PRJEB105504	sDipInt1
Dolichomitus quercicolus		Submitted to BioSamples	PRJEB105504	iyDolQuer4;iyDolQuer1;iyDolQuer3;iyDolQuer2
Drepanochloris nannoselene		Submitted to BioSamples	PRJEB105504	ucDreNann2
Drymus ryeii		Raw Data - Submitted	PRJEB71175	ihDryRyei1
Dunaliella primolecta		Annotation Complete	PRJEB46283	ucDunPrim2;ucDunPrim4;ucDunPrim1
Dytaster grandis		Submitted to BioSamples	PRJEB105504	eaDytGran1
Earias roseifera		Submitted to BioSamples	PRJEB105504	ilEarRosi1
Echinamoeba silvestris		Submitted to BioSamples	PRJEB105504	paEchSilv1
Ectocarpaceae sp. CCAP1307/1		Submitted to BioSamples	PRJEB105504	uoPilSpea1
Eilema depressum		Annotation Complete	PRJEB46269	ilEilDepe1;ilEilDepe2
Eilema griseolum		Annotation Complete	PRJEB65194	ilEilGris3;ilEilGris7;ilEilGris9;ilEilGris10;ilEilGris4;ilEilGris8;ilEilGris6;ilEilGris2;ilEilGris5;ilEilGris1
Eilema lurideolum		Assemblies - Submitted	PRJEB98305	ilEilLurd4;ilEilLurd6;ilEilLurd5;ilEilLurd3;ilEilLurd1
Eilema sororculum		Annotation Complete	PRJEB46265	ilEilSoro2;ilEilSoro1
Eimeria acervulina		Raw Data - Submitted	PRJEB71231	pxEimAcer1
Eimeria brunetti		Submitted to BioSamples	PRJEB105504	pxEimBrun1
Eimeria maxima		Assemblies - Submitted	PRJEB59777	pxEimMaxi3;pEimMax2
Eimeria mitis		Raw Data - Submitted	PRJEB71233	pxEimMiti1
Eimeria necatrix		Submitted to BioSamples	PRJEB105504	pxEimNeca1
Eimeria praecox		Assemblies - Submitted	PRJEB65266	pxEimPrae1
Eimeria tenella		Assemblies - Submitted	PRJEB43129	pEimTen1
Enchytraeus crypticus		Submitted to BioSamples	PRJEB105504	wnEnchCryp6;wnEncCryp10;wnEncCryp5;wnEnchCryp7;wnEncCryp6;wnEnchCryp8;wnEnchCryp4;wnEnchCryp2;wnEncCryp7;wnEnchCryp9;wnEncCryp2;wnEncCryp8;wnEnchCryp5;wnEnchCryp1;wnEnchCryp3;wnEncCryp3;wnEncCryp9;wnEnchCryp10;wnEncCryp4;wnEncCryp1
Ennomos autumnarius		Assemblies - Submitted	PRJEB98307	ilEnnAutm3;ilEnnAutm1;ilEnnAutm2
Ennomos erosarius		Annotation Complete	PRJEB66771	ilEnnEroa2;ilEnnEroa1
Ennomos fuscantarius	dusky thorn	Annotation Complete	PRJEB42937	ilEnnFusc2;ilEnnFusc1
Ennomos quercinarius		Annotation Complete	PRJEB45099	ilEnnQuei1
Entomobrya nr. imitabilis		Raw Data - Submitted	PRJEB101172	qlEntImit1;qlEntImit2;qlEntImit3
Eubranchus farrani		Submitted to BioSamples	PRJEB105504	xgEubFarr3;xgEubFarr1;xgEubFarr2
Euchone pararosea		Submitted to BioSamples	PRJEB105504	wsEucPara1
Euglena cantabrica		Submitted to BioSamples	PRJEB105504	peEugCant1
Euglena clara		Submitted to BioSamples	PRJEB105504	peEugClar1
Euglena geniculata		Submitted to BioSamples	PRJEB105504	peEugGeni1
Euglena mutabilis		Submitted to BioSamples	PRJEB105504	peEugMuta1
Euglena sp. CCAP1224/47		Submitted to BioSamples	PRJEB105504	peEugSpea1
Euglena van-goori		Submitted to BioSamples	PRJEB105504	peEugVang1
Euglenaria anabaena		Submitted to BioSamples	PRJEB105504	peEugAnab1
Eulalia aurea (in: segmented worms)		Submitted to BioSamples	PRJEB105504	wpEulAure1;wpEulAure2;wpEulAure3
Euphrasia anglica		Submitted to BioSamples	PRJEB105504	daEupAngl4;daEupAngl6;daEupAngl2;daEupAngl15;daEupAngl18;daEupAngl19;daEupAngl5;daEupAngl3;daEupAngl1;daEupAngl17;daEupAngl16
Euphrasia anglica x Euphrasia nemorosa		Submitted to BioSamples	PRJEB105504	daEupAnne1;daEupAnne2;daEupAnne3
Euphrasia marshallii x Euphrasia micrantha		Submitted to BioSamples	PRJEB105504	daEupMami1
Euphrasia micrantha x Euphrasia scottica		Submitted to BioSamples	PRJEB105504	daEupMisc1
Euphrasia tetraquetra x Euphrasia vigursii		Submitted to BioSamples	PRJEB105504	daEupTevi1;daEupTevi2
Euplotes sp. CCAP1624/29		Submitted to BioSamples	PRJEB105504	piEupSpec1
Eupolymnia gili		Submitted to BioSamples	PRJEB105504	wtEupGili1
Eurhopalus australis		Submitted to BioSamples	PRJEB105504	icEurAuss1
Eurhopalus vespulae		Submitted to BioSamples	PRJEB105504	icReeVesp1
Eutypa leptoplaca		Submitted to BioSamples	PRJEB105504	grEutLept1
Exsertotheca crispa		Submitted to BioSamples	PRJEB105504	cbExsCris5;cbExsCris6;cbExsCris8;cbExsCris7;cbExsCris4;cbExsCris9
Fissipunctia ypsillon		Annotation Complete	PRJEB56256	ilFisYpsi1
Gaillona rosea		Submitted to BioSamples	PRJEB105504	urAglRose1
Geheebia maxima		Assemblies - Submitted	PRJEB98947	cbDidMaxi7;cbDidMaxi8;cbDidMaxi4;cbDidMaxi1;cbDidMaxi6;cbDidMaxi5;cbDidMaxi3;cbDidMaxi2
Geminella sp. CCAP384-3		Submitted to BioSamples	PRJEB105504	ucGemSpea1
Gliophorus aff. perplexus K(M)121495		Submitted to BioSamples	PRJEB105504	gfGliPerl1
Gloeocystis sp. CCAP31/4		Submitted to BioSamples	PRJEB105504	ucGloSpea1
Gongolaria baccata		Submitted to BioSamples	PRJEB105504	uoGonBacc1
Gongolaria nodicaulis		Submitted to BioSamples	PRJEB105504	uoCysNodi1;uoCysNodi2
Goniomonas sp. CCAP 980/1		Submitted to BioSamples	PRJEB105504	uyGonSpea1
Gonodactylaceus falcatus		Submitted to BioSamples	PRJEB105504	qmGonFalc1
Gordius sp. MW1		Submitted to BioSamples	PRJEB105504	tfGorSpea6;tfGorSpea5;tfGorSpea4;tfGorSpea1;tfGorSpea3;tfGorSpea7;tfGorSpea2
Graesiella emersonii		Submitted to BioSamples	PRJEB105504	ucGraEmer2
Grammonema striatula		Submitted to BioSamples	PRJEB105504	uoGraStri1
Gungnir kasakii		Submitted to BioSamples	PRJEB105504	ucGunKasa1
Gymnadenia x densiflora		Submitted to BioSamples	PRJEB105504	lsGymDens1
Gymnodinium sp. CCAP1117/9		Submitted to BioSamples	PRJEB105504	pyGymCcap2
Gyroporus aff. castaneus		Raw Data - Submitted	PRJEB82249	gfGyrCasa1;gfGyrCasa5;gfGyrCasa2;gfGyrCasa4;gfGyrCasa3
Harpagifer antarcticus	Antarctic spiny plunderfish	Submitted to BioSamples	PRJEB105504	fHarAnt1
Hartmannella cantabrigiensis		Submitted to BioSamples	PRJEB105504	paHarCant1
Hedlundia anglica		Submitted to BioSamples	PRJEB105504	drSorAngl1
Hedlundia arranensis		Submitted to BioSamples	PRJEB105504	drSorArra1
Hedlundia cuneifolia		Submitted to BioSamples	PRJEB105504	drSorCune1
Hedlundia leyana		Submitted to BioSamples	PRJEB105504	drSorLeya1
Hedlundia minima		Submitted to BioSamples	PRJEB105504	drSorMini1
Hedlundia pseudomeinichii		Submitted to BioSamples	PRJEB105504	drSorPsed1
Helicoverpa zea	corn earworm	Submitted to BioSamples	PRJEB105504	ilHelZeax7;ilHelZeax3;ilHelZeax4;ilHelZeax9;ilHelZeax6;ilHelZeax2;ilHelZeax8;ilHelZeax5
Heligmosomoides polygyrus		Submitted to BioSamples	PRJEB105504	ngHelPoly27;ngHelPoly4;ngHelPoly3;ngHelPoly22;ngHelPoly1;ngHelPoly11;ngHelPoly29;ngHelPoly30;ngHelPoly13;ngHelPoly17;ngHelPoly7;ngHelPoly38;ngHelPoly39;ngHelPoly32;ngHelPoly16;ngHelPoly24;ngHelPoly10;ngHelPoly36;ngHelPoly12;ngHelPoly25;ngHelPoly40;ngHelPoly14;ngHelPoly26;ngHelPoly8;ngHelPoly18;ngHelPoly5;ngHelPoly20;ngHelPoly6;ngHelPoly23;ngHelPoly37;ngHelPoly2;ngHelPoly35;ngHelPoly28;ngHelPoly19;ngHelPoly9;ngHelPoly31;ngHelPoly33;ngHelPoly15;ngHelPoly34;ngHelPoly21
Hellwigia obscura		Raw Data - Submitted	PRJEB106266	iyHelObsc1
Heringocrania unimaculella		Assemblies - Submitted	PRJEB97013	ilHerUnim1;ilHerUnim2;ilHerUnim3
Heteramoeba clara		Submitted to BioSamples	PRJEB105504	puHetClar1
Heterochlamydomonas rugosa		Submitted to BioSamples	PRJEB105504	ucHetRugo1
Heynigia dictyosphaerioides		Submitted to BioSamples	PRJEB105504	ucHeyDict1
Hibiscus tridactylites		Submitted to BioSamples	PRJEB105504	ddHibTrid2
Hieracium richianum		Submitted to BioSamples	PRJEB105504	daHieRich1
Hirschmanniella gracilis		Submitted to BioSamples	PRJEB105504	nxHirGrac2;nxHirGrac3
Hormidiopsis crenulata		Submitted to BioSamples	PRJEB105504	ucHorCren1
Hyphalaster inermis		Submitted to BioSamples	PRJEB105504	eaHypIner1
Hypomecis atomaria		Annotation Complete	PRJEB67608	ilHypAtoa2;ilHypAtoa8;ilHypAtoa7;ilHypAtoa9;ilHypAtoa1
Imbribryum alpinum		Submitted to BioSamples	PRJEB105504	cbImbAlpi1;cbImbAlpi2
Imbribryum muehlenbeckii		Submitted to BioSamples	PRJEB105504	cbImbMueh6;cbImbMueh5;cbImbMueh1;cbImbMueh4;cbImbMueh2;cbImbMueh8;cbImbMueh7;cbImbMueh3
Inga leiocalycina		Submitted to BioSamples	PRJEB105504	drIngLeio1
Inga oerstediana		Submitted to BioSamples	PRJEB105504	drIngOers1
Inocybe borealis		Submitted to BioSamples	PRJEB105504	gfInoBore1
Inocybe cf. posterula		Raw Data - Submitted	PRJEB65403	gfInoCfpo3;gfInoCfpo4;gfInoCfpo5;gfInoCfpo2;gfInoCfpo1
Isopterygiella pulchella		Assemblies - Submitted	PRJEB80450	cbIsoPulc1;cbIsoPulc13;cbIsoPulc16;cbIsoPulc11;cbIsoPulc4;cbIsoPulc12;cbIsoPulc3;cbIsoPulc5;cbIsoPulc7;cbIsoPulc9;cbIsoPulc15;cbIsoPulc10;cbIsoPulc8;cbIsoPulc2;cbIsoPulc14;cbIsoPulc6
Karpatiosorbus bristoliensis		Assemblies - Submitted	PRJEB76366	drSorBris1
Karpatiosorbus devoniensis		Submitted to BioSamples	PRJEB105504	drSorDevo1
Karpatiosorbus subcuneata		Submitted to BioSamples	PRJEB105504	drSorSubc1
Korscheltellus fusconebulosus		Submitted to BioSamples	PRJEB105504	ilKorFusc3
Korscheltellus lupulinus	common swift moth	Submitted to BioSamples	PRJEB105504	ilKorLupu2;ilKorLupu3;ilKorLupu4;ilKorLupu1
Kryptoperidinium triquetrum		Submitted to BioSamples	PRJEB105504	pyHetTriq2;pyHetTriq1
Lacanobia wlatinum		Annotation Complete	PRJEB56248	ilLacWlai3;ilLacWlai2;ilLacWlai1
Ladona depressa		Submitted to BioSamples	PRJEB105504	ioLadDepr2
Laevides loofi		Submitted to BioSamples	PRJEB105504	neLaeLoof2
Lagopus scotica		Raw Data - Submitted	PRJEB98769	bLagSco2;bLagSco1
Lamellibrachia columna		Submitted to BioSamples	PRJEB105504	wsLamColu1
Lapara coniferarum	southern pine sphinx	Submitted to BioSamples	PRJEB105504	ilLapConi1
Laphria gibbosa		Raw Data - Submitted	PRJEB84342	idLapGibb2;idLapGibb1
Larus occidentalis	western gull	Assemblies - Submitted	PRJEB77455	bLarOcc1
Lecanipa bicincta		Raw Data - Submitted	PRJEB105470	idLecBici2;idLecBici4;idLecBici3;idLecBici1
Lemna japonica		Submitted to BioSamples	PRJEB105504	laLemJapo1
Lepeophtheirus nordmannii		Annotation Complete	PRJEB66250	qhLepNord3;qhLepNord2;qhLepNord4
Lepiseodina rothschildi		Submitted to BioSamples	PRJEB105504	idLepRoth1
Leptographium flavum		Annotation Complete	PRJEB63115	grLepFlav1
Leptosiphonia brodiei		Submitted to BioSamples	PRJEB105504	urLepBrod1
Leucopleurus acutus		Assemblies - Submitted	PRJEB77311	mLagAcu1
Limonium celticum		Submitted to BioSamples	PRJEB105504	dcLimCelt1
Linguimaera sp. MBA-2022		Submitted to BioSamples	PRJEB105504	qmLinSpea2;qmLinSpea1
Lingulaulax polyedra		Submitted to BioSamples	PRJEB105504	pyLinPole1
Linnemannia fluviae		Assemblies - Submitted	PRJEB96162	ggMorFluv1
Littorina nigrolineata		Submitted to BioSamples	PRJEB105504	xgLitNigr2;xgLitNigr1;xgLitNigr5;xgLitNigr4;xgLitNigr6;xgLitNigr3
Livia junci		Submitted to BioSamples	PRJEB105504	ihLivJunc1
Lobochlamys segnis		Submitted to BioSamples	PRJEB105504	ucLobSegn1
Lophiolepis eriophora		Assemblies - Submitted	PRJEB81006	daCirErio1
Lophoziopsis excisa		Submitted to BioSamples	PRJEB105504	cjLopExci2;cjLopExci6;cjLopExci3;cjLopExci11;cjLopExci4;cjLopExci7;cjLopExci12;cjLopExci8;cjLopExci14;cjLopExci16;cjLopExci9;cjLopExci5;cjLopExci10;cjLopExci15;cjLopExci13;cjLopExci1
Macrolaimus crucis		Submitted to BioSamples	PRJEB105504	nxMacCruc3
Malacosoma castrense		Submitted to BioSamples	PRJEB105504	ilMalCast2;ilMalCast1
Malus x robusta	Siberian crab apple	Annotation Complete	PRJEB47867	drMalRobu1
Maniola tithonus	gatekeeper butterfly	Annotation Complete	PRJEB83488	ilManTith1;ilManTith2
Mariannaea samuelsii		Submitted to BioSamples	PRJEB105504	grMarSamu1
Marinogammarus obtusatus		Submitted to BioSamples	PRJEB105504	qmMarObtu3;qmMarObtu2;qmMarObtu1
Mariprasiola stipitata		Submitted to BioSamples	PRJEB105504	ucPraStip11;ucPraStip8;ucPraStip10;ucPraStip5;ucPraStip7;ucPraStip12;ucPraStip2;ucPraStip13;ucPraStip1;ucPraStip6;ucPraStip4;ucPraStip3;ucPraStip9
Marsupiomonas pelliculata		Submitted to BioSamples	PRJEB105504	ucMarPell2
Marvania coccoides		Assemblies - Submitted	PRJEB68019	ucMarCocc1
Mayorella cantabrigiensis		Submitted to BioSamples	PRJEB105504	paMayCant3;paMayCant5;paMayCant1;paMayCant2;paMayCant4
Mayorella gemmifera		Submitted to BioSamples	PRJEB105504	paMayGemm1
Mechanitis messenoides		Submitted to BioSamples	PRJEB105504	ilMecMess1
Melanconium hedericola		Submitted to BioSamples	PRJEB105504	grMelHedr1
Merrifieldia baliodactyla		Submitted to BioSamples	PRJEB105504	ilMerBalo2;ilMerBalo1
Merulius croceum		Submitted to BioSamples	PRJEB105504	gfSarCroc1
Mesochorus dilobatus		Submitted to BioSamples	PRJEB105504	iyMesDilo2;iyMesDilo1
Mesonychoteuthis hamiltoni	colossal squid	Submitted to BioSamples	PRJEB105504	xcMesHami1
Messastrum gracile		Submitted to BioSamples	PRJEB105504	ucMesGrac2
Micractinium sp. CCAP211-11F		Submitted to BioSamples	PRJEB105504	ucMicSpea4;ucMicSpea3;ucMicSpea5;ucMicSpea1;ucMicSpea2
Microgaster subcompletus		Submitted to BioSamples	PRJEB105504	iyMicSubo4;iyMicSubo3;iyMicSubo5;iyMicSubo1;iyMicSubo2
Microglena monadina		Submitted to BioSamples	PRJEB105504	ucMicMona2
Microglena redcarensis		Submitted to BioSamples	PRJEB105504	ucMicRedc1
Mollisia novobrunsvicensis		Submitted to BioSamples	PRJEB105504	gyMolNovo1
Mollisia oblonga		Submitted to BioSamples	PRJEB105504	gyPhiOblo1
Mollugo verticillata	green carpetweed	Submitted to BioSamples	PRJEB105504	dcMolVert1
Molpadia blakei		Submitted to BioSamples	PRJEB105504	ehMolBlak1
Molpadiodemas villosus		Submitted to BioSamples	PRJEB105504	ehMolVill2;ehMolVill1
Monomorphina aenigmatica		Submitted to BioSamples	PRJEB105504	peMonAeni1
Monoraphidium griffithi		Submitted to BioSamples	PRJEB105504	ucMonGrif2;ucMonGrif3
Monoraphidium sp. CCAP340/1		Submitted to BioSamples	PRJEB105504	ucMonSpea1
Mougeotia sp. CCAP650/1		Submitted to BioSamples	PRJEB105504	ukMouSpea1
Multimonas media		Submitted to BioSamples	PRJEB105504	puMulMedi1;puMulMedi2
Munidopsis crassa		Submitted to BioSamples	PRJEB105504	qmMunCras2;qmMunCras1
Munidopsis parfaiti		Submitted to BioSamples	PRJEB105504	qmMunParf1
Mylnikovia oxoniensis		Submitted to BioSamples	PRJEB105504	puTheOxon1
Mylonchulus agilis		Submitted to BioSamples	PRJEB105504	neMylAgil2
Mystacides azureus		Assemblies - Submitted	PRJEB71287	iiMysAzur1;iiMysAzur2
Mythimna lalbum		Annotation Complete	PRJEB58961	ilMytLalu1
Napeogenes inachia		Submitted to BioSamples	PRJEB105504	ilNapInac1
Napeogenes sylphis		Submitted to BioSamples	PRJEB105504	ilNapSylp1
Navicula sp. CCAP1050/13		Submitted to BioSamples	PRJEB105504	uoNavCcap2
Nemalion elminthoides		Submitted to BioSamples	PRJEB105504	urNemHelm2;urNemHelm1
Nematodirus battus		Submitted to BioSamples	PRJEB105504	nxNemBatt5;nxNemBatt1;nxNemBatt6;nxNemBatt2;nxNemBatt3;nxNemBatt7;nxNemBatt4
Nematopogon swammerdamellus		Annotation Complete	PRJEB54806	ilNemSwae1;ilNemSwae2
Neogale vison	American mink	Annotation Complete	PRJEB74152	mNeoVis1;mNeoVis2
Neoorthocaulis attenuatus		Assemblies - Submitted	PRJEB89638	cjNeoAtte4;cjNeoAtte16;cjNeoAtte14;cjNeoAtte6;cjNeoAtte9;cjNeoAtte7;cjNeoAtte2;cjNeoAtte15;cjNeoAtte10;cjNeoAtte13;cjNeoAtte5;cjNeoAtte11;cjNeoAtte12;cjNeoAtte3;cjNeoAtte1;cjNeoAtte8
Neoorthocaulis floerkei		Submitted to BioSamples	PRJEB105504	cjNeoFloe12;cjNeoFloe19;cjNeoFloe23;cjNeoFloe17;cjNeoFloe9;cjNeoFloe15;cjNeoFloe8;cjNeoFloe5;cjNeoFloe18;cjNeoFloe21;cjNeoFloe24;cjNeoFloe2;cjNeoFloe13;cjNeoFloe3;cjNeoFloe14;cjNeoFloe20;cjNeoFloe16;cjNeoFloe1;cjNeoFloe7;cjNeoFloe22;cjNeoFloe25;cjNeoFloe4;cjNeoFloe11;cjNeoFloe6;cjNeoFloe26;cjNeoFloe10
Nephroselmis rotunda		Submitted to BioSamples	PRJEB105504	ucNepRotu2
Netelia sp. GB-2024		Submitted to BioSamples	PRJEB105504	iyNetSpea1
Nicotiana excelsior		Submitted to BioSamples	PRJEB105504	daNicExce1
Nicotiana gossei		Submitted to BioSamples	PRJEB105504	daNicGoss1
Niphotrichum ericoides		Submitted to BioSamples	PRJEB105504	cbNipEric12;cbNipEric3;cbNipEric14;cbNipEric2;cbNipEric15;cbNipEric8;cbNipEric16;cbNipEric10;cbNipEric7;cbNipEric11;cbNipEric5;cbNipEric6;cbNipEric9;cbNipEric1;cbNipEric4;cbNipEric13
Nitzschia sp. CCAP1052/23		Submitted to BioSamples	PRJEB105504	uoNitSpei1
Noctuidae sp. SAN22000473		Assemblies - Submitted	PRJEB70848	ilNocSpea1
Nolandella abertawensis		Submitted to BioSamples	PRJEB105504	paHarAber2
Nymphalis c-album		Annotation Complete	PRJEB55961	ilPolCalb2;ilPolCalb1;ilPolCalb3
Nymphalis io	European peacock	Annotation Complete	PRJEB42080	ilAglIoxx1;ilAglIoxx4;ilAglIoxx3;ilAglIoxx5;ilAglIoxx2
Nymphalis urticae	small tortoiseshell	Annotation Complete	PRJEB42076	ilAglUrti2;ilAglUrti1;ilAglUrti3
Oneirophanta mutabilis		Submitted to BioSamples	PRJEB105504	ehOneMuta2;ehOneMuta1
Oreojuncus trifidus		Submitted to BioSamples	PRJEB105504	lpOreTrif3;lpOreTrif4;lpOreTrif6;lpOreTrif5;lpOreTrif2;lpOreTrif1
Ormia ochracea		Submitted to BioSamples	PRJEB105504	idOrmOchr111
Orodruina flavescens		Submitted to BioSamples	PRJEB105504	paGruFlav1
Orthonama vittatum		Assemblies - Submitted	PRJEB97019	ilOrtVita1;ilOrtVita3;ilOrtVita2
Osmia bicornis bicornis	red mason bee	Annotation Complete	PRJEB22206	iOsmBic2
Ostertagia ostertagi		Submitted to BioSamples	PRJEB105504	nxOstOste2;nxOstOste8;nxOstOste7;nxOstOste5;nxOstOste1;nxOstOste6;nxOstOste3;nxOstOste9;nxOstOste4
Ovulinata parva		Submitted to BioSamples	PRJEB105504	pcOvuParv1
Owingsia umbellifera		Submitted to BioSamples	PRJEB105504	gfLicUmbe1
Pachymeniopsis lanceolata		Submitted to BioSamples	PRJEB105504	urGraLane1
Panagrolaimus davidi		Submitted to BioSamples	PRJEB105504	nxPanDavi7
Paracercomonas ambulans		Submitted to BioSamples	PRJEB105504	pcParAmbu2;pcParAmbu1
Paralicella caperesca		Submitted to BioSamples	PRJEB105504	qmParCapr10;qmParCapr5;qmParCapr4;qmParCapr3;qmParCapr8;qmParCapr2;qmParCapr6;qmParCapr9;qmParCapr1;qmParCapr7;qmParCapr11
Paramoeba pemaquidensis		Submitted to BioSamples	PRJEB105504	paParPema2
Parasaissetia nigra		Submitted to BioSamples	PRJEB105504	ihParNiga6;ihParNiga8;ihParNiga5;ihParNiga7;ihParNiga4;ihParNiga2;ihParNiga3;ihParNiga1
Paroriza prouhoi		Submitted to BioSamples	PRJEB105504	ehParProu2;ehParProu1
Pavlova sp. CCAP940/3		Submitted to BioSamples	PRJEB105504	puPavSpea1
Peltogasterella sulcata		Submitted to BioSamples	PRJEB105504	qhPelSulc2;qhPelSulc1
Penicillium hoeksii		Submitted to BioSamples	PRJEB105504	gpPenHoek1
Perizoma albulatum		Raw Data - Submitted	PRJEB68247	ilPerAlbl1
Perizoma alchemillatum		Raw Data - Submitted	PRJEB71191	ilPerAlce4;ilPerAlce2;ilPerAlce3;ilPerAlce1
Perizoma blandiatum		Annotation Complete	PRJEB74146	ilPerBlad1
Perizoma didymatum		Assemblies - Submitted	PRJEB82160	ilPerDidy2;ilPerDidy1
Perizoma flavofasciatum		Annotation Complete	PRJEB63429	ilPerFlao1;ilPerFlao3;ilPerFlao2
Phacus pusillus		Submitted to BioSamples	PRJEB105504	pePhaPusi1
Phacus triquetrus		Submitted to BioSamples	PRJEB105504	pePhaTriq2
Phaeostigma notatum		Submitted to BioSamples	PRJEB105504	irPhaNota1
Phaeotremella roseotincta		Submitted to BioSamples	PRJEB105504	gfPhaRose1
Philhelius pedissequus		Annotation Complete	PRJEB45137	idXanPedi5;idXanPedi2;idXanPedi4;idXanPedi3;idXanPedi1
Pista sauriaui		Submitted to BioSamples	PRJEB105504	wtPisSaur2;wtPisSaur1
Platanus x hispanica	London plane tree	Assemblies - Submitted	PRJEB92307	drPlaXhis1
Platynereis cf. massiliensis MALT-2022		Submitted to BioSamples	PRJEB105504	wpPlaCfma3;wpPlaCfma1;wpPlaCfma2
Pleurochrysis sp. (in: haptophytes)		Submitted to BioSamples	PRJEB105504	puPleSpec1
Podops inunctus		Submitted to BioSamples	PRJEB105504	ihPodInun3;ihPodInun1;ihPodInun2
Polycarpa mamillaris		Assemblies - Submitted	PRJEB77758	kaPolMami1
Polychaos fasciculatum		Submitted to BioSamples	PRJEB105504	paPolFasc1
Polycystis naegelii		Submitted to BioSamples	PRJEB105504	hrPolNaeg1
Polyommatus iphigenia		Submitted to BioSamples	PRJEB105504	ilPolIphe1
Polypogon plumigeralis		Assemblies - Submitted	PRJEB81653	ilPolPlum1;ilPolPlum2
Polytrichum commune		Annotation Complete	PRJEB53504	cbPolComm52;cbPolComm60;cbPolComm70;cbPolComm99;cbPolComm88;cbPolComm9;cbPolComm117;cbPolComm112;cbPolComm61;cbPolComm105;cbPolComm106;cbPolComm24;cbPolComm86;cbPolComm89;cbPolComm77;cbPolComm91;cbPolComm95;cbPolComm71;cbPolComm4;cbPolComm111;cbPolComm56;cbPolComm83;cbPolComm62;cbPolComm120;cbPolComm73;cbPolComm75;cbPolComm37;cbPolComm33;cbPolComm76;cbPolComm107;cbPolComm35;cbPolComm124;cbPolComm65;cbPolComm68;cbPolComm23;cbPolComm29;cbPolComm55;cbPolComm41;cbPolComm63;cbPolComm59;cbPolComm81;cbPolComm34;cbPolComm40;cbPolComm118;cbPolComm42;cbPolComm84;cbPolComm90;cbPolComm64;cbPolComm31;cbPolComm18;cbPolComm14;cbPolComm58;cbPolComm98;cbPolComm21;cbPolComm87;cbPolComm8;cbPolComm121;cbPolComm116;cbPolComm20;cbPolComm94;cbPolComm72;cbPolComm54;cbPolComm66;cbPolComm82;cbPolComm114;cbPolComm12;cbPolComm69;cbPolComm104;cbPolComm127;cbPolComm45;cbPolComm130;cbPolComm3;cbPolComm7;cbPolComm46;cbPolComm74;cbPolComm85;cbPolComm30;cbPolComm36;cbPolComm48;cbPolComm10;cbPolComm47;cbPolComm100;cbPolComm97;cbPolComm129;cbPolComm27;cbPolComm11;cbPolComm51;cbPolComm126;cbPolComm119;cbPolComm67;cbPolComm1;cbPolComm125;cbPolComm38;cbPolComm80;cbPolComm128;cbPolComm101;cbPolComm22;cbPolComm2;cbPolComm123;cbPolComm53;cbPolComm110;cbPolComm102;cbPolComm39;cbPolComm57;cbPolComm25;cbPolComm122;cbPolComm96;cbPolComm15;cbPolComm16;cbPolComm50;cbPolComm108;cbPolComm93;cbPolComm79;cbPolComm13;cbPolComm5;cbPolComm103;cbPolComm17;cbPolComm109;cbPolComm43;cbPolComm49;cbPolComm28;cbPolComm19;cbPolComm26;cbPolComm32;cbPolComm78;cbPolComm92;cbPolComm113;cbPolComm6;cbPolComm115;cbPolComm44
Poterioochromonas malhamensis		Submitted to BioSamples	PRJEB105504	uoPotMalh2
Prionchulus sp. OH-2023		Submitted to BioSamples	PRJEB105504	nePriSpea2
Prospero autumnale	starry hyacinth	Submitted to BioSamples	PRJEB105504	lsProAutu1
Pseudevernia furfuracea		Submitted to BioSamples	PRJEB105504	glPseFurf1
Pseudisothecium interludens		Submitted to BioSamples	PRJEB105504	cbPseInte3;cbPseInte4;cbPseInte2;cbPseInte16;cbPseInte9;cbPseInte1;cbPseInte8;cbPseInte11;cbPseInte13;cbPseInte14;cbPseInte12;cbPseInte7;cbPseInte5;cbPseInte6;cbPseInte15;cbPseInte10
Pseudocharaciopsis ovalis		Submitted to BioSamples	PRJEB105504	uoPseOval2
Pseudoparamoeba pagei		Submitted to BioSamples	PRJEB105504	paPsePage1
Pseudopedinella sp. CCAP 947/1A		Submitted to BioSamples	PRJEB105504	uoPseSpea1
Psychronaetes hanseni		Submitted to BioSamples	PRJEB105504	ehPsyHans2;ehPsyHans1
Psychropotes longicauda		Submitted to BioSamples	PRJEB105504	ehPsyLong2;ehPsyLong1
Psylliodes chrysocephalus		Submitted to BioSamples	PRJEB105504	icPsyChry1
Psylliodes marcidus		Submitted to BioSamples	PRJEB105504	icPsyMarc1
Pterostoma palpinum		Assemblies - Submitted	PRJEB85389	ilPtePalp2;ilPtePalp3;ilPtePalp4;ilPtePalp1;ilPtePalp5
Ptilodon capucinus		Annotation Complete	PRJEB46268	ilPtiCapc3;ilPtiCapc2;ilPtiCapc1
Ptychostomum capillare		Assemblies - Submitted	PRJEB94751	cbRosCapi2;cbRosCapi16;cbRosCapi7;cbRosCapi10;cbRosCapi11;cbRosCapi12;cbRosCapi13;cbRosCapi6;cbRosCapi9;cbRosCapi14;cbRosCapi15;cbRosCapi4;cbRosCapi1;cbRosCapi5;cbRosCapi8;cbRosCapi17;cbRosCapi3
Ptychostomum cyclophyllum		Assemblies - Submitted	PRJEB94793	cbPtyCycl8;cbPtyCycl14;cbPtyCycl9;cbPtyCycl6;cbPtyCycl16;cbPtyCycl7;cbPtyCycl10;cbPtyCycl1;cbPtyCycl3;cbPtyCycl15;cbPtyCycl11;cbPtyCycl13;cbPtyCycl5;cbPtyCycl12;cbPtyCycl4;cbPtyCycl2
Ptychostomum moravicum		Assemblies - Submitted	PRJEB96551	cbBryMora5;cbBryMora6;cbBryMora13;cbBryMora15;cbBryMora16;cbBryMora8;cbBryMora9;cbBryMora12;cbBryMora2;cbBryMora14;cbBryMora11;cbBryMora3;cbBryMora1;cbBryMora10;cbBryMora7;cbBryMora4
Ptychostomum pallens		Assemblies - Submitted	PRJEB94795	cbPtyPale6;cbPtyPale13;cbPtyPale11;cbPtyPale2;cbPtyPale15;cbPtyPale3;cbPtyPale10;cbPtyPale5;cbPtyPale16;cbPtyPale9;cbPtyPale12;cbPtyPale8;cbPtyPale4;cbPtyPale1;cbPtyPale7;cbPtyPale14
Ptychostomum pseudotriquetrum		Submitted to BioSamples	PRJEB105504	cbBryPseu6;cbBryPseu2;cbBryPseu12;cbBryPseu9;cbBryPseu11;cbBryPseu1;cbBryPseu14;cbBryPseu13;cbBryPseu15;cbBryPseu5;cbBryPseu3;cbBryPseu4;cbBryPseu7;cbBryPseu16;cbBryPseu10;cbBryPseu8
Ptychostomum weigelii		Submitted to BioSamples	PRJEB105504	cbBryWeig12;cbBryWeig3;cbBryWeig5;cbBryWeig1;cbBryWeig15;cbBryWeig16;cbBryWeig10;cbBryWeig4;cbBryWeig9;cbBryWeig6;cbBryWeig7;cbBryWeig14;cbBryWeig2;cbBryWeig11;cbBryWeig13;cbBryWeig8
Pycnococcus provasolii		Assemblies - Submitted	PRJEB50453	ucPycProv1
Rabelera holostea		Submitted to BioSamples	PRJEB105504	dcSteHolo1
Rama rupestris		Submitted to BioSamples	PRJEB105504	ucClaRupe2
Ramariopsis corniculata	meadow coral fungus	Annotation Complete	PRJEB66383	gfRamCorn2;gfRamCorn3;gfRamCorn1
Ramonda ringdahli		Submitted to BioSamples	PRJEB105504	idRamRing1
Ramularia vizellae		Assemblies - Submitted	PRJEB96160	gdRamVize2;gdRamVize1
Raphidonema sp. CCAP470-3		Submitted to BioSamples	PRJEB105504	ucRapSpea1
Rebecca salina		Submitted to BioSamples	PRJEB105504	puRebSali1
Rhamphomyia atrata		Submitted to BioSamples	PRJEB105504	idRhaAtrt1
Rhinomonas reticulata		Submitted to BioSamples	PRJEB105504	uyRhiReti1;uyRhiReti3;uyRhiReti2
Rhipidocotyle campanula		Submitted to BioSamples	PRJEB105504	htRhiCamp3;htRhiCamp2;htRhiCamp1;htRhiCamp6;htRhiCamp5;htRhiCamp4
Rhizamoeba saxonica		Submitted to BioSamples	PRJEB105504	paRhiSaxo1
Rhizophagus irregularis		Submitted to BioSamples	PRJEB105504	ggRhiIrre1;ggRhiIrre2
Rhizosphaera pinicola		Submitted to BioSamples	PRJEB105504	gdRhiPinc1
Rhodomonas abbreviata		Submitted to BioSamples	PRJEB105504	uyRhoAbbr1
Rhodomonas chrysoidea		Submitted to BioSamples	PRJEB105504	uyRhoChry1
Rhodomonas maculata		Submitted to BioSamples	PRJEB105504	uyRhoMacu2;uyRhoMacu1
Rhodomonas salina		Submitted to BioSamples	PRJEB105504	uyPyrSali1
Rhodomonas sp. PLY 904		Submitted to BioSamples	PRJEB105504	uyRhoSpea1
Rhogostoma micra		Submitted to BioSamples	PRJEB105504	pcRhoSpea1;pcRhoSpea2
Rhorus suecicus		Submitted to BioSamples	PRJEB105504	iyRhoSuec1
Rosa x alba	white rose-of-York	Submitted to BioSamples	PRJEB105504	drRosAlba1
Rosculus cf. ithacus CCAP 1571/3		Submitted to BioSamples	PRJEB105504	pcRosSpea1
Rubus argutus	prickly Florida blackberry	Raw Data - Submitted	PRJEB22206	ilPemGeni2;ilPemGeni4;ilPemGeni3;ilPemGeni1
Russula aff. farinipes		Assemblies - Submitted	PRJEB63504	gfRusFari1
Rutstroemia cuniculi		Submitted to BioSamples	PRJEB105504	gyRutCuni1
Ruttnera lamellosa		Submitted to BioSamples	PRJEB105504	uhChrLame1
Sabellastarte sp. h YS-2021		Submitted to BioSamples	PRJEB105504	wsSabSpea1
Saccoglossus kowalevskii		Assemblies - Submitted	PRJEB105476	keSacKowa2;keSacKowa1;keSacKowa6
Sapromyzosoma quadripunctata		Submitted to BioSamples	PRJEB105504	idSapQuap1
Sarocladium junci		Submitted to BioSamples	PRJEB105504	grSarJunc1
Schoenobius gigantellus		Assemblies - Submitted	PRJEB106016	ilSchGign2
Sclerolinum annulatum		Submitted to BioSamples	PRJEB105504	wsSclAnnu27;wsSclAnnu28;wsSclAnnu5;wsSclAnnu7;wsSclAnnu24;wsSclAnnu23;wsSclAnnu13;wsSclAnnu29;wsSclAnnu1;wsSclAnnu30;wsSclAnnu20;wsSclAnnu32;wsSclAnnu31;wsSclAnnu6;wsSclAnnu18;wsSclAnnu16;wsSclAnnu17;wsSclAnnu22;wsSclAnnu9;wsSclAnnu3;wsSclAnnu14;wsSclAnnu8;wsSclAnnu19;wsSclAnnu10;wsSclAnnu2;wsSclAnnu25;wsSclAnnu26;wsSclAnnu21;wsSclAnnu33;wsSclAnnu4;wsSclAnnu11;wsSclAnnu15;wsSclAnnu12
Scrippsiella acuminata		Submitted to BioSamples	PRJEB105504	pyScrAcum1
Seladonia tumulorum		Annotation Complete	PRJEB45664	iySelTumu3;iySelTumu5;iySelTumu2;iySelTumu1;iySelTumu4
Sepiola tridens		Submitted to BioSamples	PRJEB105504	xcSepTrid1
Seuratia cf. millardetii		Submitted to BioSamples	PRJEB105504	gdSeuMila2;gdSeuMila1;gdSeuMila4;gdSeuMila3
Simulium ornatum		Submitted to BioSamples	PRJEB105504	idSimOrna2;idSimOrna1
Skeletonema sp. CCAP1077/1B		Submitted to BioSamples	PRJEB105504	uoSkeSpeb1
Skeletonema sp. CCAP1077/1C		Submitted to BioSamples	PRJEB105504	uoSkeSpec1
Skeletonema sp. PLY 627		Submitted to BioSamples	PRJEB105504	uoSkeSpea1;uoSkeSpea2
Smerinthus ocellatus		Assemblies - Submitted	PRJEB89632	ilSmeOcel2;ilSmeOcel3
Solumbellula monocephalus		Submitted to BioSamples	PRJEB105504	jaUmbMono1
Sphaerularia bombi		Submitted to BioSamples	PRJEB105504	nxSphBomb3;nxSphBomb8;nxSphBomb4;nxSphBomb6;nxSphBomb10;nxSphBomb7;nxSphBomb5;nxSphBomb2;nxSphBomb1;nxSphBomb9
Spilarctia lutea		Annotation Complete	PRJEB46270	ilSpiLutu3;ilSpiLutu2;ilSpiLutu1;ilSpiLutu4
Spinulum annotinum		Submitted to BioSamples	PRJEB105504	vlSpiAnno1
Sporobolus anglicus		Submitted to BioSamples	PRJEB105504	lpSpoAngl3;lpSpoAngl1;lpSpoAngl2;lpSpoAngl4
Sporobolus x townsendii		Submitted to BioSamples	PRJEB105504	lpSpoXtow1
Sporothrix dentifunda		Submitted to BioSamples	PRJEB105504	grSpoDent1
Stenostomum sphagnetorum		Submitted to BioSamples	PRJEB105504	hcSteSpha1
Sternaspis cf. scutata NHMUK ANEA 2019		Submitted to BioSamples	PRJEB105504	wtSteSpea3;wtSteSpea4;wtSteSpea2;wtSteSpea1;wtSteSpea5
Stichococcus sp. CCAP 379/31		Submitted to BioSamples	PRJEB105504	ucStiSpea1
Stichococcus sp. CCAP379/31		Submitted to BioSamples	PRJEB105504	ucStiSpeb1
Stigeoclonium sp. CCAP477/24		Submitted to BioSamples	PRJEB105504	ucStiSpec1
Stragania apicalis		Assemblies - Submitted	PRJEB89602	ihStrApic1;ihStrApic2
Striosubulina striatella		Submitted to BioSamples	PRJEB105504	xgSubStri3;xgSubStri2;xgSubStri4;xgSubStri1;xgSubStri6;xgSubStri5;xgSubStri7;xgSubStri8
Struthiopteris spicant		Submitted to BioSamples	PRJEB105504	voStrSpic1
Styracaster chuni		Submitted to BioSamples	PRJEB105504	eaStyChun1
Suberites holgeri		Submitted to BioSamples	PRJEB105504	odSubHolg1
Surirella sp. CCAP 1071/2		Submitted to BioSamples	PRJEB105504	uoSurSpea1
Synarachnactis lloydii		Submitted to BioSamples	PRJEB105504	jaCerLloy2;jaCerLloy1
Synura sp. CCAP960/5		Submitted to BioSamples	PRJEB105504	uoSynSpea1
Tabellaria sp. CCAP1081-7		Submitted to BioSamples	PRJEB105504	uoTabSpea5;uoTabSpea1;uoTabSpea4;uoTabSpea3;uoTabSpea2
Takobia mutica		Submitted to BioSamples	PRJEB105504	ieTakMuti1
Teladorsagia circumcincta		Submitted to BioSamples	PRJEB105504	nxTelCirc2;nxTelCirc5;nxTelCirc12;nxTelCirc3;nxTelCirc13;nxTelCirc14;nxTelCirc7;nxTelCirc9;nxTelCirc11;nxTelCirc16;nxTelCirc10;nxTelCirc8;nxTelCirc1;nxTelCirc4;nxTelCirc6;nxTelCirc15
Teleogryllus oceanicus	black field cricket	Submitted to BioSamples	PRJEB105504	iqTelOcea31;iqTelOcea5;iqTelOcea25;iqTelOcea2;iqTelOcea14;iqTelOcea8;iqTelOcea20;iqTelOcea4;iqTelOcea13;iqTelOcea11;iqTelOcea12;iqTelOcea19;iqTelOcea23;iqTelOcea30;iqTelOcea24;iqTelOcea29;iqTelOcea6;iqTelOcea28;iqTelOcea10;iqTelOcea22;iqTelOcea17;iqTelOcea9;iqTelOcea21;iqTelOcea15;iqTelOcea3;iqTelOcea27;iqTelOcea16;iqTelOcea26;iqTelOcea18;iqTelOcea7
Tetramitus aberdonicus		Submitted to BioSamples	PRJEB105504	puTetAber1
Tetramitus jugosus		Assemblies - Submitted	PRJEB50455	paTetJugo1
Tetraselmis chui		Submitted to BioSamples	PRJEB105504	ucTetChui1
Tetrastrum staurogeniiforme		Submitted to BioSamples	PRJEB105504	ucTetStar1
Thalassema thalassema		Submitted to BioSamples	PRJEB105504	weThaThaa2;weThaThaa4;weThaThaa3;weThaThaa1
Thalassiosira sp. PLY 541		Submitted to BioSamples	PRJEB105504	uoThaSpea1
Thaumatomonas zhukovi		Submitted to BioSamples	PRJEB105504	pcThaZhuk2
Thereva unica		Assemblies - Submitted	PRJEB57100	idTheUnic4;idTheUnic2;idTheUnic3;idTheUnic1;idTheUnic5
Tolypocladium pustulatum		Submitted to BioSamples	PRJEB105504	grTolPust1
Torminalis glaberrima		Submitted to BioSamples	PRJEB105504	drTorGlab1
Toxonevra trimacula		Raw Data - Submitted	PRJEB71281	idToxTrim1
Trachelomonas hispida		Submitted to BioSamples	PRJEB105504	peTraHisp1
Triatoma infestans		Annotation Complete	PRJEB87950	ihTriInfe1
Trichosphaerium sieboldi		Submitted to BioSamples	PRJEB105504	paTriSieb1
Trichostrongylus colubriformis		Assemblies - Submitted	PRJEB81008	nxTriColu4;nxTriColu3;nxTriColu5;nxTriColu1;nxTriColu2;nxTriColu6
Trieres chinensis		Submitted to BioSamples	PRJEB105504	uoTriChin2
Trilophozia quinquedentata		Submitted to BioSamples	PRJEB105504	cjTriQuin1;cjTriQuin2
Tubolaimoides tenuicaudatus		Submitted to BioSamples	PRJEB105504	nxTubTenu4
Turdulisoma turdulorum		Submitted to BioSamples	PRJEB105504	qdTurTurd1;qdTurTurd2
Ulotrichales sp. CCAP312/1		Submitted to BioSamples	PRJEB105504	ucChrSpea1
Ulva lacinulata		Submitted to BioSamples	PRJEB105504	ucUlvLaci1
Ulva laetevirens		Submitted to BioSamples	PRJEB105504	ucUlvLaet1
Urtica gracilis subsp. holosericea		Submitted to BioSamples	PRJEB105504	drUrtGrac3;drUrtGrac2;drUrtGrac1
Usnea cornuta		Submitted to BioSamples	PRJEB105504	glUsnCorn1
Utraria excipuliformis		Submitted to BioSamples	PRJEB105504	gfLycExci1;gfLycExci5;gfLycExci4;gfLycExci3;gfLycExci2
Vallonia excentrica		Submitted to BioSamples	PRJEB105504	xgValExce2;xgValExce1
Vannella anglica		Submitted to BioSamples	PRJEB105504	paVanAngl1
Vannella pentlandii		Submitted to BioSamples	PRJEB105504	paVanPent1
Vertebrata martensiana		Submitted to BioSamples	PRJEB105504	urVerMart1
Vexillifera minutissima		Submitted to BioSamples	PRJEB105504	paVexMinu1
Villa occulta		Assemblies - Submitted	PRJEB89335	idVilOccu2;idVilOccu1
Vinealobryum insulanum		Assemblies - Submitted	PRJEB94739	cbDidInsu2;cbDidInsu1
Willemoesia leptodactyla		Submitted to BioSamples	PRJEB105504	qmWilLept2;qmWilLept1
Xerophyllum tenax		Submitted to BioSamples	PRJEB105504	llXerTena1
Xylobolus princeps		Submitted to BioSamples	PRJEB105504	gfXylPrin1
Yponomeuta plumbellus		Annotation Complete	PRJEB55977	ilYpoPlub1;ilYpoPlub3;ilYpoPlub2;ilYpoPlub5;ilYpoPlub4
Yponomeuta rorrellus	willow ermine moth	Submitted to BioSamples	PRJEB105504	ilYpoRore2;ilYpoRore265;ilYpoRore97;ilYpoRore267;ilYpoRore266;ilYpoRore96
Yponomeuta sedellus		Annotation Complete	PRJEB50730	ilYpoSedl2;ilYpoSedl1
aquaculture metagenome		Raw Data - Submitted	PRJEB76710	iyMelHaem1;iyMelHaem2
metagenome		Raw Data - Submitted	PRJEB87752	ihPanTuni3;ihPanTuni5;ihPanTuni2;ihPanTuni4;ihPanTuni1
