processid	sampleid	fieldid	museumid	record_id	specimenid	processid_minted_date	bin_uri	bin_created_date	collection_code	inst	sovereign_inst	taxid	kingdom	phylum	class	order	family	subfamily	tribe	genus	species	subspecies	species_reference	identification	identification_method	identification_rank	identified_by	identifier_email	taxonomy_notes	sex	reproduction	life_stage	short_note	notes	voucher_type	tissue_type	specimen_linkout	associated_specimens	associated_taxa	collectors	collection_date_start	collection_date_end	collection_event_id	collection_time	collection_notes	geoid	country/ocean	country_iso	province/state	region	sector	site	site_code	coord	coord_accuracy	coord_source	elev	elev_accuracy	depth	depth_accuracy	realm	biome	ecoregion	habitat	sampling_protocol	nuc	nuc_basecount	insdc_acs	funding_src	marker_code	primers_forward	primers_reverse	sequence_run_site	sequence_upload_date	bold_recordset_code_arr	geopol_denorm.country_iso3	marker_count	pre_md5hash	specimendetails.verbatim_sampling_protocol	specimendetails.verbatim_identification_method	specimendetails.verbatim_identifier	location.verbatim_coord	specimendetails.verbatim_collectioncode	specimendetails.verbatim_collectiondate_start	specimendetails.verbatim_depository	specimendetails.verbatim_habitat	specimendetails.verbatim_vouchertype	collection_date_accuracy	specimendetails.verbatim_subspecies
ABCBF140-11	BIO_Codeium_Pollen-Swab	BIO_Codeium_Pollen-Swab	BIO_Codeium_Pollen-Swab	ABCBF140-11.rbcL	1904320	2011-03-09				Centre for Biodiversity Genomics		287614	Plantae	Tracheophyta	Magnoliopsida	Malpighiales	Euphorbiaceae			Codiaeum	Codiaeum variegatum		(L.) Rumph. ex A.Juss.	Codiaeum variegatum		species	Chris D. Weland		Pollen Swab - Codeium	 	 		Pollen Swab - Codeium	::taxonomy:Pollen Swab - Codeium::endTaxonomy:	E-Vouchered:DNA/Tissue+Photo	Pollen Swab - Codeium				Dr. Julie K Stahlhut and Dr. Masha Kuzmina	2011-02-03					528.0	Canada	CA	Ontario	University of Guelph green houses																AAGTGTNGGATTCAAGGCTGGTGTTAAAGATTATAAATTGACTTATTATACTCCTGACTATCAAACCAAAGATACTGATATCTTGGCAGCATTCCGAGTAACTCCTCAACCCGGAGTTCCGCCTGAGGAAGCAGGAGCTGCGGTAGCTGCTGAATCTTCTACTGGTACATGGACAACTGTGTGGACCGACGGGCTTACCAGTCTTGATCGTTATAAAGGACGCTGCTACGGCATCGAGCCCGTTGCTGGAGAAGAAAATCAATATATTGCTTATGTAGCTTACCCCTTAGACCTTTTTGAAGAAGGTTCTGTTACTAACATGTTTACTTCCATTGTGGGTAATGTATTTGGGTTCAAAGCCCTACGCGCCCTACGTCTGGAGGATTTGCGAATCCCTACTGCTTATATTAAAACTTTCCAAGGGCCGCCTCATGGAATCCAAGTTGAGAGAGATAAATTGAACAAGTATGGTCGCCCCCTATTGGGTTGTACTATTAAACCTAAATTGGGGCTATCCGCTAAGAATTACGGTAGGGCGGTTTATGAATGTCTT	552.0		iBOL:WG1.2	rbcL	['ITS_S2F:ATGCGATACTTGGTGTGAAT', 'rbcLa-F:ATGTCACCACAAACAGAGACTAAAGC']	['ITS4:TCCTCCGCTTATTGATATGC', 'rbcLa-R:GTAAAATCAAGTCCACCRCG']	Centre for Biodiversity Genomics	2011-03-15	['JSPBP']	CAN	2	8ab340e3eeff9684543ec8f937faaf31											
ABCBF141-11	BIO_Pelargonium_Pollen-Swab	BIO_Pelargonium_Pollen-Swab	BIO_Pelargonium_Pollen-Swab	ABCBF141-11.rbcL	1904321	2011-03-09				Centre for Biodiversity Genomics		351008	Plantae	Tracheophyta	Magnoliopsida	Geraniales	Geraniaceae			Pelargonium				Pelargonium		genus	Chris D. Weland		Pollen Swab - Pelargonium x hortorum 100% NCBI	 	 		Pollen Swab - Pelargonium	::taxonomy:Pollen Swab - Pelargonium x hortorum 100% NCBI::endTaxonomy:	E-Vouchered:DNA/Tissue+Photo	Pollen Swab - Pelargonium				Dr Julie Stahlhut and Dr Masha Kuzmina	2011-02-03					528.0	Canada	CA	Ontario	University of Guelph's green houses																AAGTGTTGGATTTAAAGCAGGTGTTAAAGATTATAAATTGACTTATTATACTCCTGATTATGAAACCAAGGATACTGATATCTTGGCAGCATTCCGAGTCACTCCTCAACCTGGAGTTCCACCTGAGGAAGCGGGGGCCGCGGTAGCTGCTGAATCCTCTACTGGTACATGGACAACCGTGTGGACTGATGGGCTTACCAGCCTTGATCGTTACAAAGGACGCTGCTATCACATCGAGCCCGTTGCTGGAGAAGAAAATCAATATATTGCTTATGTAGCTTACCCTTTAGATCTTTTTGAAGAAGGTTCCGTTACTAATATGTTTACTTCCATCGTGGGTAATGTATTTGGGTTCAAAGCCCTTCGCGCTCTGCGTCTCGAGGATTTGCGAATCCCTACTGCTTATGTTAAAACGTTCCAAGGCCCGCCACATGGCATCCAAGTTGAGAGAGATAAATTGAACAAGTATGGACGTCCCCTATTGGGATGTACTATTAAACCTAAATTGGGATTATCCGCTAAGAACTACGGTAGAGCGGTTTATGAATGTCTT	553.0			rbcL	['ITS_S2F:ATGCGATACTTGGTGTGAAT', 'rbcLa-F:ATGTCACCACAAACAGAGACTAAAGC']	['ITS4:TCCTCCGCTTATTGATATGC', 'rbcLa-R:GTAAAATCAAGTCCACCRCG']	Centre for Biodiversity Genomics	2011-03-15	['JSPBP']	CAN	2	06700b6b610c807c80ac172561b8949f											
ABCBF142-11	BIO_Agapanthus_Pollen-Swab	BIO_Agapanthus_Pollen-Swab	BIO_Agapanthus_Pollen-Swab	ABCBF142-11.rbcL	1904322	2011-03-09				Centre for Biodiversity Genomics		351134	Plantae	Tracheophyta	Liliopsida	Asparagales	Amaryllidaceae			Agapanthus	Agapanthus africanus		(L.) Hoffmanns.	Agapanthus africanus		species	Chris D. Weland		Pollen Swab - Agapanthus	 	 		Pollen Swab - Agapanthus	::taxonomy:Pollen Swab - Agapanthus::endTaxonomy:	E-Vouchered:DNA/Tissue+Photo	Pollen Swab - Agapanthus				Dr Julie Stahlhut and Dr Masha Kuzmina	2011-02-03					528.0	Canada	CA	Ontario	University of Guelph's green houses																AAGTGTNGGATTTAAAGCTGGTGTTAAAGATTACAGATTGACTTATTATACTCCTGATTACGAAAACAAAGATACTGATATCTTGGCAGCATTCCGAGTAACTCCTCAACCCGGAGTTCCCGCTGAAGAAGCAGGGGCTGCGGTAGCTGCCGAATCTTCTACTGGTACATGGACAACTGTGTGGACTGATGGACTTACCAGCCTTGATCGTTACAAAGGACGATGCTACCACATTGAGGCCGTTGTTGGAGAAGAAAATCAATATATTGCTTATGTAGCTTATCCTTTAGACCTTTTTGAAGAAGGTTCTGTTACTAACATGTTTACTTCCATTGTGGGTAATGTATTTGGTTTCAAAGCCCTGCGAGCTCTACGTCTGGAGGATCTGCGAATTCCCCCTGCTTATTCCAAAACTTTCCAAGGCCCGCCTCATGGCATCCAAGTTGAAAGAGATAAATTGAACAAGTATGGGCGTCCCCTATTGGGATGCACTATTAAACCAAAATTGGGATTATCCGCAAAAAACTACGGTAGAGCGGTTTATGAATGTCTA	552.0		iBOL:WG1.2	rbcL	['MatK-1RKIM-f:ACCCAGTCCATCTGGAAATCTTGGTTC', 'rbcLa-F:ATGTCACCACAAACAGAGACTAAAGC']	['MatK-3FKIM-r:CGTACAGTACTTTTGTGTTTACGAG', 'rbcLa-R:GTAAAATCAAGTCCACCRCG']	Centre for Biodiversity Genomics	2011-03-15	['JSPBP']	CAN	2	7b5b13dcadb44fe45a963aa73fcf9484											
ABCBF143-11	BIO_Malvaceae_Pollen-Swab	BIO_Malvaceae_Pollen-Swab	BIO_Malvaceae_Pollen-Swab	ABCBF143-11.rbcL	1904323	2011-03-09				Centre for Biodiversity Genomics		121481	Plantae	Tracheophyta	Magnoliopsida	Malvales	Malvaceae							Malvaceae		family			Pollen Swab - Malvaceae, Alcea rosea 100% NCBI	 	 		Pollen Swab - Malvaceae	::taxonomy:Pollen Swab - Malvaceae, Alcea rosea 100% NCBI::endTaxonomy:	E-Vouchered:DNA/Tissue+Photo	Pollen Swab - Malvaceae				Dr Julie Stahlhut and Dr Masha Kuzmina	2011-02-03					528.0	Canada	CA	Ontario	University of Guelph's green houses																AAGTGTNGGATTCAAAGCTGGTGTTAAAGAGTATAAATTGACTTATTATACTCCTGAATATGAAGTCAAAGATACTGATATCTTGGCAGCCTTCCGAGTAACTCCTCAACCCGGAGTTCCGCCTGAGGAAGCGGGGGCCGCGGTAGCTGCTGAATCTTCTACTGGTACATGGACAACCGTGTGGACCGATGGGCTTACCAGCCTTGATCGTTACAAAGGGCGATGCTACCACATTGAGCCCGTTGCTGGAGAAGAAGAACAATATATATGTTATGTAGCTTACCCCTTAGACCTTTTTGAAGAAGGTTCTGTTACTAACATGTTTACTTCCATTGTGGGTAATGTATTTGGGTTCAAAGCCCTGCGCGCTCTACGTCTAGAGGATCTGCGAATCCCTATTGCTTATGTTAAAACTTTCCAAGGCCCACCTCATGGTATCCAGGTTGAAAGAGATAAATTGAACAAGTATGGTCGCCCCCTATTAGGATGTACTATTAAACCTAAATTGGGGTTATCCGCTAAGAACTACGGTAGAGCAGTTTATGAATGTCTA	552.0			rbcL	['ITS_S2F:ATGCGATACTTGGTGTGAAT', 'MatK-1RKIM-f:ACCCAGTCCATCTGGAAATCTTGGTTC', 'rbcLa-F:ATGTCACCACAAACAGAGACTAAAGC']	['ITS4:TCCTCCGCTTATTGATATGC', 'MatK-3FKIM-r:CGTACAGTACTTTTGTGTTTACGAG', 'rbcLa-R:GTAAAATCAAGTCCACCRCG']	Centre for Biodiversity Genomics	2011-03-15	['JSPBP']	CAN	3	0e0777e0b491f02ef404548dac6faf38											
ABCBF144-11	BIO_Gerbera_Pollen-Swab	BIO_Gerbera_Pollen-Swab	BIO_Gerbera_Pollen-Swab	ABCBF144-11.rbcL	1904419	2011-03-09				Centre for Biodiversity Genomics		306469	Plantae	Tracheophyta	Magnoliopsida	Asterales	Asteraceae			Gerbera	Gerbera jamesonii		Bolus ex Hook.f.	Gerbera jamesonii		species	Chris D. Weland		Pollen Swab - Gerbera	 	 		Pollen Swab - Gerbera	::taxonomy:Pollen Swab - Gerbera::endTaxonomy:	E-Vouchered:DNA/Tissue+Photo	Pollen Swab - Gerbera				Dr Julie Stahlhut and Dr Masha Kuzmina	2011-02-03					528.0	Canada	CA	Ontario	University of Guelph's green houses																AAGTGTTGGATTCAAAGCTGGTGTTAAAGATTATAAATTGACTTATTATACTCCTGACTATGAAACCAAGGATACTGATATCTTGGCAGCATTTCGAGTAACTCCTCAACCTGGAGTTCCGCCTGAAGAAGCAGGGGCCGCAGTAGCTGCCGAATCTTCTACTGGTACATGGACAACTGTGTGGACCGATGGACTTACGAGCCTTGATCGTTACAAAGGGCGATGCTATGGAATCGAGCCTGTTCCTGGAGAAGAAAGTCAATTTATTGCTTATGTAGCTTACCCATTAGACCTTTTTGAAGAAGGTTCTGTTACTAACATGTTTACTTCCATTGTAGGTAATGTATTTGGGTTCAAAGCCCTGCGTGCTCTACGTCTGGAAGATTTGCGAATCCCTATTGCGTATGTTAAAACTTTCCAAGGTCCGCCTCACGGCATCCAAGTTGAGAGAGATAAATTGAACAAGTATGGTCGTCCCCTGTTGGGATGTACTATTAAACCGAAATTGGGGTTATCCGCTAAAAACTACGGTAGAGCTGTTTATGAATGTCTT	553.0		iBOL:WG1.2	rbcL	['ITS_S2F:ATGCGATACTTGGTGTGAAT', 'MatK-1RKIM-f:ACCCAGTCCATCTGGAAATCTTGGTTC', 'rbcLa-F:ATGTCACCACAAACAGAGACTAAAGC']	['ITS4:TCCTCCGCTTATTGATATGC', 'MatK-3FKIM-r:CGTACAGTACTTTTGTGTTTACGAG', 'rbcLa-R:GTAAAATCAAGTCCACCRCG']	Centre for Biodiversity Genomics	2011-03-15	['JSPBP']	CAN	3	b31cd59718d1c1476245fcda9b50a1cd											
ABGCO001-15	KB214	ABG20080828		ABGCO001-15.rbcL	6331985	2015-08-28				Columbus State University		432882	Plantae	Tracheophyta	Liliopsida	Asparagales	Orchidaceae			Vanda	Vanda tricolor		Lindl.	Vanda tricolor		species			var. suavis						E-Vouchered:DNA/Tissue+Photo					Kylie Bucalo, Mike Wenzel	2015-08-28			3:00pm	ABG Orchid Collection	238.0	United States	US						[38.82081, -96.33162]		Coordinates from country centroid					Nearctic		Flint_Hills_tallgrass_prairie							rbcL	['matK_xF:TAATTTACGATCAATTCATTC', 'rbcLa-F:ATGTCACCACAAACAGAGACTAAAGC']	['matK-MALPR1:ACAAGAAAGTCGAAGTAT', 'rbcLa-R:GTAAAATCAAGTCCACCRCG']	Centre for Biodiversity Genomics	2016-07-19	['ABGCO']	USA	4	64da274207c352a9c951f1615f8c711c											
ABGCO001-15	KB214	ABG20080828		ABGCO001-15.rbcLa	6331985	2015-08-28				Columbus State University		432882	Plantae	Tracheophyta	Liliopsida	Asparagales	Orchidaceae			Vanda	Vanda tricolor		Lindl.	Vanda tricolor		species			var. suavis						E-Vouchered:DNA/Tissue+Photo					Kylie Bucalo, Mike Wenzel	2015-08-28			3:00pm	ABG Orchid Collection	238.0	United States	US						[38.82081, -96.33162]		Coordinates from country centroid					Nearctic		Flint_Hills_tallgrass_prairie							rbcLa	['matK_xF:TAATTTACGATCAATTCATTC', 'rbcLa-F:ATGTCACCACAAACAGAGACTAAAGC']	['matK-MALPR1:ACAAGAAAGTCGAAGTAT', 'rbcLa-R:GTAAAATCAAGTCCACCRCG']	Centre for Biodiversity Genomics	2016-07-20	['ABGCO']	USA	4	5f0691de6183bb3b8cda910def16bd20											
ABGCO002-16	KB220	20150609		ABGCO002-16.rbcLa	7108479	2016-05-02				Columbus State University		740249	Plantae	Tracheophyta	Liliopsida	Asparagales	Orchidaceae			Dryadella	Dryadella cristata			Dryadella cristata		species	Becky Brinkman													Kyie Bucalo, Becky Brinkman	2015-10-22					238.0	United States	US				High elevation house		[38.82081, -96.33162]		Coordinates from country centroid					Nearctic		Flint_Hills_tallgrass_prairie		Accessioned collection material from Atlanta Botanical Garden, Not wild collected	TACAAATTGACTTATTATACTCCTGACTACGAAACCAAAGATACTGATATCTTAGCAGCATTCCGAGTAACTCCTCAACCAGGAGTTCCGCCTGAAGAAGCGGGGGCTGCGGTAGCTGCCGAATCTTCTACTGGTACATGGACAACTGTGTGGACTGATGGACTTACCAGTCTTGATCGTTACAAAGGACGATGCTACCACATCGAGGTCGTTGTTGGGGAGGAAAATCAATATATTGCTTATGTAGCTTATCCTTTAGACCTTTTTGAAGAAGGTTCTGTTACTAACATGTTTACTTCCATTGTAGGTAATGTATTTGGTTTCAAAGCCCTGCGAGCTCTACGTCTGGAAGATCTGCGAATTCCCACTTCTTATTCCAAAACTTTCCAAGGGCCACCTCATGGCATCCAAGTTGAAAGAGATAAATTGAACAAGTATGGTCGTCCCCTATTAGGATGTACTATTAAACCAAAATTGGGATTATCCGCAAAAAACTATGGTAGAGCAGTTTATGAATGTCTA	522.0	MT519143		rbcLa	['rbcLa-F:ATGTCACCACAAACAGAGACTAAAGC']	['rbcLa-R:GTAAAATCAAGTCCACCRCG']	Centre for Biodiversity Genomics	2019-11-01	['ABGCO']	USA	1	cb97514a8cbec124bf78cf72ac2dfb1a	Accessioned collection material from Atlanta Botanical Garden, Not wild collected										
ABGCO003-16	KB221	20041595		ABGCO003-16.rbcLa	7108480	2016-05-02				Columbus State University		632908	Plantae	Tracheophyta	Liliopsida	Asparagales	Orchidaceae			Dracula	Dracula hirtzii			Dracula hirtzii		species	Becky Brinkman													Kyie Bucalo, Becky Brinkman	2015-10-22					238.0	United States	US				High elevation house		[38.82081, -96.33162]		Coordinates from country centroid					Nearctic		Flint_Hills_tallgrass_prairie		Accessioned collection material from Atlanta Botanical Garden, Not wild collected	GTTGGATTTAAAGCTGGTGTTAAAGATTACAAATTGACTTATTATACTCCTGACTACGAAACCAAAGATACTGATATCTTGGCAGCATTCCGAGTAACTCCTCAACCGGGAGTTCCGCCTGAAGAAGCGGGGGCTGCGGTAGCTGCCGAATCTTCTACTGGTACATGGACAACTGTGTGGACTGATGGACTTACCAGTCTTGATCGTTACAAAGGACGATGCTACCACATCGAGGTCGTTGTTGGGGAGGAAAATCAATATATTGCTTATGTAGCTTATCCTTTAGACCTTTTTGAAGAAGGTTCTGTTACTAACATGTTTACTTCCATTGTGGGTAATGTATTTGGTTTCAAAGCCCTGCGAGCTCTACGTCTGGAAGATCTGCGAATTCCCACTTCTTATTCCAAAACTTTCCAAGGTCCGCCTCATGGCATCCAAGTTGAAAGAGATAAATTGAACAAGTATGGTCGTCCCCTATTGGGATGTACTATTAAACCAAAATTGGGATTATCCGCAAAAAACTACGGTAGAGCAGTTTATGAATGTCTA	549.0	MT519133		rbcLa	['rbcLa-F:ATGTCACCACAAACAGAGACTAAAGC']	['rbcLa-R:GTAAAATCAAGTCCACCRCG']	Centre for Biodiversity Genomics	2019-11-01	['ABGCO']	USA	1	5714e89f2181d62e78597b68f92368ec	Accessioned collection material from Atlanta Botanical Garden, Not wild collected										
ABGCO004-16	KB222	19901278		ABGCO004-16.rbcLa	7108481	2016-05-02				Columbus State University		734464	Plantae	Tracheophyta	Liliopsida	Asparagales	Orchidaceae	Epidendroideae		Stelis	Stelis sp.			Stelis sp.		species	Becky Brinkman			 	 									Kyie Bucalo, Becky Brinkman	2015-10-22					238.0	United States	US				High elevation house		[38.82081, -96.33162]		Coordinates from country centroid					Nearctic		Flint_Hills_tallgrass_prairie		Accessioned collection material from Atlanta Botanical Garden, Not wild collected	AGGTCGTTGTTGGGGAGGAAAATCNATATATTGCTTATGTAGCTTATCCTTTANACCTTTTTGAAGAAGGTTCTGTTACGAACATGTTTACTTCCATTGTGGGTAATGTATTTGGTTTCAAAGCCCTGCGAGCTCTACGTCTGGAAGATCTGCGAATTCCCACTTCTTATTCCAAAACTTTCCAAGGTCCGCCTCATGGCATCCAAGTTGAAAGAGATAAATTGAACAAGTACGGTCNTCCCCTATTGGGATGTACTA	255.0	MT519562		rbcLa			Centre for Biodiversity Genomics	2019-11-01	['ABGCO']	USA	1	700d99752d76d76a5d17682d4012236d	Accessioned collection material from Atlanta Botanical Garden, Not wild collected										
ABGCO005-16	KB223	20031231		ABGCO005-16.rbcLa	7108482	2016-05-02				Columbus State University		432714	Plantae	Tracheophyta	Liliopsida	Asparagales	Orchidaceae			Maxillaria	Maxillaria lepidota		Lindl.	Maxillaria lepidota		species	Becky Brinkman													Kyie Bucalo, Becky Brinkman	2015-10-22					238.0	United States	US				High elevation house		[38.82081, -96.33162]		Coordinates from country centroid					Nearctic		Flint_Hills_tallgrass_prairie		Accessioned collection material from Atlanta Botanical Garden, Not wild collected	TTGGATTTAAAGCTGGTGTTAAAGATTACAAATTGACTTATTATACTCCTGACTACGAAACCAAAGATACTGATATCTTGGCAGCATTCCGAGTAACTCCTCAACCGGGAGTTCCGCCCGAAGAAGCGGGGGCTGCGGTAGCAGCCGAATCTTCTACTGGTACATGGACAACTGTGTGGACTGATGGACTTACCAGTCTTGATCGTTACAAAGGACGATGCTACCACATCGAGGCCGTTGTTGGGGAGGAAAATCAGTATATTGCTTATGTAGCTTATCCTTTAGACCTTTTTGAAGAAGGTTCTGTTACTAACATGTTTACTTCCATTGTGGGTAATGTATTTGGTTTCAAAGCCCTGCGAGCTCTACGTCTGGAAGATCTGCGAATTCCCACTGCTTATTCCAAAACTTTCCAAGGTCCGCCTCATGGTATCCAAGTTGAAAGAGATAAATTGAACAAGTACGGTCGTCCCTTATTGGGATGTACTATTAAACCAAAATTGGGATTATCCGCAAAAAACTACGGTAGAGCGGTT	536.0	MT519263		rbcLa	['matK_xF:TAATTTACGATCAATTCATTC', 'rbcLa-F:ATGTCACCACAAACAGAGACTAAAGC']	['matK-MALPR1:ACAAGAAAGTCGAAGTAT', 'rbcLa-R:GTAAAATCAAGTCCACCRCG']	Centre for Biodiversity Genomics	2019-11-01	['ABGCO']	USA	2	6ac72efb5a55c68583f2be21b8705aca	Accessioned collection material from Atlanta Botanical Garden, Not wild collected										
ABGCO006-16	KB224	20150650		ABGCO006-16.rbcLa	7108483	2016-05-02				Columbus State University		740250	Plantae	Tracheophyta	Liliopsida	Asparagales	Orchidaceae	Epidendroideae		Stelis	Stelis bivalvis			Stelis bivalvis		species	Becky Brinkman			 	 									Kyie Bucalo, Becky Brinkman	2015-10-22					238.0	United States	US				High elevation house		[38.82081, -96.33162]		Coordinates from country centroid					Nearctic		Flint_Hills_tallgrass_prairie		Accessioned collection material from Atlanta Botanical Garden, Not wild collected	AAGCGTTGGATTTAAAGCTGGTGTTAAAGATTACAAATTGACTTATTATACTCCTGACTACGAAACCAAAGATACTGATATCTTGGCAGCATTCCGAGTAACTCCTCAACCGGGAGTTCCGCCTGAAGAAGCGGGGGCTGCGGTAGCTGCCGAATCTTCTACTGGTACATGGACAACTGTGTGGACTGATGGACTTACCAGTCTTGATCGTTACAAAGGACGATGCTACCACATCGAGGTCGTTGTTGGGGAGGAAAATCAATATATTGCTTATGTAGCTTATCCTTTAGACCTTTTTGAAGAAGGTTCTGTTACGAACATGTTTACTTCCATTGTGGGTAATGTATTTGGTTTCAAAGCCCTGCGAGCTCTACGTCTGGAAGATCTGCGAATTCCCACTTCTTATTCCAAAACTTTCCAAGGTCCGCCTCATGGCATCCAAGTTGAAAGAGATAAATTGAACAAGTATGGTCGTCCCCTATTGGGATGTACTATTAAACCAAAATTGGGATTATCCGCAAAAAACTACGGTAGAGCAGTTTATGAATGTCTA	553.0	MT519552		rbcLa	['matK_xF:TAATTTACGATCAATTCATTC', 'rbcLa-F:ATGTCACCACAAACAGAGACTAAAGC']	['matK-MALPR1:ACAAGAAAGTCGAAGTAT', 'rbcLa-R:GTAAAATCAAGTCCACCRCG']	Centre for Biodiversity Genomics	2019-11-01	['ABGCO']	USA	2	f9470c957bc1586acec960973e5c7372	Accessioned collection material from Atlanta Botanical Garden, Not wild collected										
ABGCO007-16	KB225	20020571		ABGCO007-16.rbcLa	7108484	2016-05-02				Columbus State University		740251	Plantae	Tracheophyta	Liliopsida	Asparagales	Orchidaceae	Epidendroideae		Epidendrum	Epidendrum embreyii			Epidendrum embreyii		species	Becky Brinkman		Epidendrum embreei	 	 									Kyie Bucalo, Becky Brinkman	2015-10-22					238.0	United States	US				High elevation house		[38.82081, -96.33162]		Coordinates from country centroid					Nearctic		Flint_Hills_tallgrass_prairie		Accessioned collection material from Atlanta Botanical Garden, Not wild collected	AAGCGTTGGATTTAAAGCTGGTGTTAAAGATTACAAATTGACTTATTATACTCCTGACTACGAAACCAAAGATACTGATATCTTGGCAGCATTCCGAGTAACTCCTCAACCGGGAGTTCCGCCTGAAGAAGCGGGGGCTGCGGTAGCTGCCGAATCTTCTACTGGTACATGGACAACTGTGTGGACTGATGGACTTACCAGTCTTGATCGTTACAAAGGACGATGCTACCACATCGAGGTCGTTGTTGGGGAGGAAAATCAATATATTGCTTATGTAGCTTATCCTTTAGACCTTTTTGAAGAAGGTTCTGTTACTAACATGTTTACTTCCATTGTGGGTAATGTATTTGGTTTCAAAGCCCTTCGAGCTCTACGTCTGGAAGATCTGCGAATTCCCACTTCTTATTCCAAAACTTTCCAAGGTCCACCTCATGGCATCCAAGTTGAAAGAGATAAATTGAACAAGTATGGTCGTCCCCTATTAGGATGTACTATTAAACCAAAATTGGGATTATCCGCAAAAAACTATGGTAGAGCAGTTTATGAATGTCTA	553.0	MT519156		rbcLa	['matK_xF:TAATTTACGATCAATTCATTC', 'rbcLa-F:ATGTCACCACAAACAGAGACTAAAGC']	['matK-MALPR1:ACAAGAAAGTCGAAGTAT', 'rbcLa-R:GTAAAATCAAGTCCACCRCG']	Centre for Biodiversity Genomics	2019-11-01	['ABGCO']	USA	2	440ec1feeea9777c4ddd42928dbbefb2	Accessioned collection material from Atlanta Botanical Garden, Not wild collected										
ABGCO009-16	KB227	19940511		ABGCO009-16.rbcLa	7108486	2016-05-02				Columbus State University		431886	Plantae	Tracheophyta	Liliopsida	Asparagales	Orchidaceae	Epidendroideae		Stelis				Stelis		genus	Becky Brinkman			 	 									Kyie Bucalo, Becky Brinkman	2015-10-27					238.0	United States	US				High elevation house		[38.82081, -96.33162]		Coordinates from country centroid					Nearctic		Flint_Hills_tallgrass_prairie		Accessioned collection material from Atlanta Botanical Garden, Not wild collected	AAGCGTTGGATTTAAAGCTGGTGTTAAAGATTACAAATTGACTTATTATACTCCTGACTACGAAACCAAAGATACTGATATCTTGGCAGCATTCCGAGTAACTCCTCAACCGGGAGTTCCGCCTGAAGAAGCGGGGGCTGCGGTAGCTGCCGAATCTTCTACTGGTACATGGACAACTGTGTGGACTGATGGACTTACCAGTCTTGATCGTTACAAAGGACGATGCTACCACATCGAGGTCGTTGTTGGGGAGGAAAATCAATATATTGCTTATGTAGCTTATCCTTTAGACCTTTTTGAAGAAGGTTCTGTTACGAACATGTTTACTTCCATTGTGGGTAATGTATTTGGTTTCAAAGCCCTGCGAGCTCTACGTCTGGAAGATCTGCGAATTCCCACTTCTTATTCCAAAACTTTCCAAGGTCCGCCTCATGGCATCCAAGTTGAAAGAGATAAATTGAACAAGTACGGTCGTCCCCTATTGGGATGTACTATTAAACCAAAATTGGGATTATCCGCAAAAAACTACGGTAGAGCAGTTTATGAATGTCTA	553.0	MT519549		rbcLa	['matK_xF:TAATTTACGATCAATTCATTC', 'rbcLa-F:ATGTCACCACAAACAGAGACTAAAGC']	['matK-MALPR1:ACAAGAAAGTCGAAGTAT', 'rbcLa-R:GTAAAATCAAGTCCACCRCG']	Centre for Biodiversity Genomics	2019-11-01	['ABGCO']	USA	2	07e7fd1b04c55cfe56ee0545971a2155	Accessioned collection material from Atlanta Botanical Garden, Not wild collected										
ABGCO010-16	KB228	20150222		ABGCO010-16.rbcLa	7108487	2016-05-02				Columbus State University		431897	Plantae	Tracheophyta	Liliopsida	Asparagales	Orchidaceae			Platystele	Platystele misera		(Lindl.) Garay	Platystele misera		species	Becky Brinkman			 	 									Kyie Bucalo, Becky Brinkman	2015-10-27					238.0	United States	US				High elevation house		[38.82081, -96.33162]		Coordinates from country centroid					Nearctic		Flint_Hills_tallgrass_prairie		Accessioned collection material from Atlanta Botanical Garden, Not wild collected	AAGCGTTGGATTTAAAGCTGGTGTTAAAGATTACAAATTGACTTATTATACTCCTGACTACGAAACCAAAGATACGGATATCTTGGCAGCATTCCGAGTAACTCCTCAACCGGGAGTTCCGCCTGAAGAAGCGGGGGCTGCGGTAGCAGCCGAATCTTCTACTGGTACATGGACAACTGTGTGGACTGATGGACTTACCAGTCTTGATCGTTACAAAGGACGATGCTACCACATCGAGGTCGTTCTTGGGGAGGAAAATCAATATATTGCTTATGTAGCTTATCCTTTAGACCTTTTTGAAGAAGGTTCTGTTACTAACATGTTTACTTCCATTGTAGGTAATGTATTTGGTTTCAAAGCCCTGCGAGCTCTACGTCTGGAAGATCTGCGAATTCCCACTTCTTATTCCAAAACTTTCCAAGGTCCGCCTCATGGCATCCAAGTTGAAAGAGATAAATTGAACAAGTATGGTCGTCCCTTATTGGGATGTACTATTAAACCAAAATTGGGATTATCC	517.0	MT519386		rbcLa	['matK_xF:TAATTTACGATCAATTCATTC', 'rbcLa-F:ATGTCACCACAAACAGAGACTAAAGC']	['matK-MALPR1:ACAAGAAAGTCGAAGTAT', 'rbcLa-R:GTAAAATCAAGTCCACCRCG']	Centre for Biodiversity Genomics	2019-11-01	['ABGCO']	USA	2	789e61604bd3174307d999fb7cb6bfd1	Accessioned collection material from Atlanta Botanical Garden, Not wild collected										
ABGCO011-16	KB229	20120676		ABGCO011-16.rbcLa	7108488	2016-05-02				Columbus State University		740252	Plantae	Tracheophyta	Liliopsida	Asparagales	Orchidaceae			Platystele	Platystele umbellata			Platystele umbellata		species	Becky Brinkman													Kyie Bucalo, Becky Brinkman	2015-10-27					238.0	United States	US				High elevation house		[38.82081, -96.33162]		Coordinates from country centroid					Nearctic		Flint_Hills_tallgrass_prairie		Accessioned collection material from Atlanta Botanical Garden, Not wild collected	AAGCGTTGGATTTAAAGCTGGTGTTAAAGATTACAAATTGACTTATTATACTCCTGACTACGAAACCAAAGATACGGATATCTTGGCAGCATTCCGAGTAACTCCTCAACCGGGAGTTCCGCCTGAAGAAGCGGGGGCTGCGGTAGCAGCCGAATCTTCTACTGGTACATGGACAACTGTGTGGACTGATGGACTTACCAGTCTTGATCGTTACAAAGGACGATGCTACCACATCGAGGTCGTTCTTGGGGAGGAAGATCAATATATTGCTTATGTAGCTTATCCTTTAGACCTTTTTGAAGAAGGTTCTGTTACTAACATGTTTACTTCCATTGTAGGTAATGTATTTGGTTTCAAAGCCCTGCGAGCTCTACGTCTGGAAGATCTGCGAATTCCCACTTCTTATTCCAAAACTTTCCAAGGTCCGCCTCATGGCATCCAAGTTGAAAGAGATAAATTGAACAAGTATGGTCGTCCCTTATTGGGATGTACTATTAAACCAAAATTGGGATTATCCGCAAAAAACTACGGTAGAGCAGTTTATGAATGTCTA	553.0	MT519391		rbcLa	['matK_xF:TAATTTACGATCAATTCATTC', 'rbcLa-F:ATGTCACCACAAACAGAGACTAAAGC']	['matK-MALPR1:ACAAGAAAGTCGAAGTAT', 'rbcLa-R:GTAAAATCAAGTCCACCRCG']	Centre for Biodiversity Genomics	2019-11-01	['ABGCO']	USA	2	efb1995fb5a469a1a64dfcb6fd4b0468	Accessioned collection material from Atlanta Botanical Garden, Not wild collected										
ABGCO012-16	KB230	20081807		ABGCO012-16.rbcLa	7108489	2016-05-02				Columbus State University		431886	Plantae	Tracheophyta	Liliopsida	Asparagales	Orchidaceae	Epidendroideae		Stelis				Stelis		genus	Becky Brinkman													Kyie Bucalo, Becky Brinkman	2015-10-27					238.0	United States	US				High elevation house		[38.82081, -96.33162]		Coordinates from country centroid					Nearctic		Flint_Hills_tallgrass_prairie		Accessioned collection material from Atlanta Botanical Garden, Not wild collected	AAAGCTGGTGTTAAAGATTACAAATTGACTTATTATACTCCTGACTACGAAACCAAAGATACTGATATCTTGGCAGCATTCCGAGTAACTCCTCAACCGGGAGTTCCGCCTGAAGAAGCGGGGGCTGCGGTAGCTGCCGAATCTTCTACTGGTACATGGACAACTGTGTGGACTGATGGACTTACCAGTCTTGATCGTTACAAAGGACGATGCTACCACATCGAGGTCGTTGTTGGGGAGGAAAATCAATATATTGCTTATGTAGCTTATCCTTTAGACCTTTTTGAAGAAGGTTCTGTTACGAACATGTTTACTTCCATTGTGGGTAATGTATTTGGTTTCAAAGCCCTGCGAGCTCTACGTCTGGAAGATCTGCGAATTCCCACTTCTTATTCCAAAACTTTCCAAGGTCCGCCTCATGGCATCCAAGTTGAAAGAGATAAATTGAACAAGTATGGTCGTCCCCTATTGGGATGTACTATTAAACCAAAATTGGGATTATCCGCAAAAAACTACGGTAGAGCAGTTTATGAATGTCTA	540.0	MT519548		rbcLa	['matK_xF:TAATTTACGATCAATTCATTC', 'rbcLa-F:ATGTCACCACAAACAGAGACTAAAGC']	['matK-MALPR1:ACAAGAAAGTCGAAGTAT', 'rbcLa-R:GTAAAATCAAGTCCACCRCG']	Centre for Biodiversity Genomics	2019-11-01	['ABGCO']	USA	2	1bb7308eb35932d0c8bfb56a6b45619f	Accessioned collection material from Atlanta Botanical Garden, Not wild collected										
ABGCO013-16	KB231	20081935		ABGCO013-16.rbcLa	7108490	2016-05-02				Columbus State University		740253	Plantae	Tracheophyta	Liliopsida	Asparagales	Orchidaceae			Pleurothallis	Pleurothallis imperiales			Pleurothallis imperiales		species	Becky Brinkman													Kyie Bucalo, Becky Brinkman	2015-10-27					238.0	United States	US				High elevation house		[38.82081, -96.33162]		Coordinates from country centroid					Nearctic		Flint_Hills_tallgrass_prairie		Accessioned collection material from Atlanta Botanical Garden, Not wild collected	AAGCGTTGGATTTAAAGCTGGTGTTAAAGATTACAAATTGACTTATTATACTCCTGACTACGAAACCAAAGATACTGATATCTTGGCAGCATTCCGAGTAACTCCTCAACCGGGAGTTCCGCCTGAAGAAGCGGGGGCTGCGGTAGCTGCCGAATCTTCTACTGGTACATGGACAACTGTGTGGACTGATGGACTTACCAGTCTTGATCGTTACAAGGGACGATGCTACCACATCGAGGTCGTTGTTGGGGAGGAAAATCAATATATTGCTTATGTAGCTTATCCTTTAGACCTTTTTGAAGAAGGTTCTGTTACTAACATGTTTACTTCCATTGTGGGTAATGTATTTGGTTTCAAAGCCCTGCGAGCTCTACGTCTGGAAGATCTGCGAATTCCCACTTCTTATTCCAAAACTTTCCAAGGTCCGCCTCATGGCATCCAAGTTGAAAGAGATAAATTGAACAAGTACGGTCGTCCCCTATTGGGATGTACTATTAAACCAAAATTGGGATTATCCGCAAAAAACTACGGTAGAGCAGTTTATGAATGTCTA	553.0	MT519413		rbcLa	['matK_xF:TAATTTACGATCAATTCATTC', 'rbcLa-F:ATGTCACCACAAACAGAGACTAAAGC']	['matK-MALPR1:ACAAGAAAGTCGAAGTAT', 'rbcLa-R:GTAAAATCAAGTCCACCRCG']	Centre for Biodiversity Genomics	2019-11-01	['ABGCO']	USA	2	da446b696cd19c33fa4e59aeeab65a88	Accessioned collection material from Atlanta Botanical Garden, Not wild collected										
ABGCO014-16	KB232	20150900		ABGCO014-16.rbcLa	7108491	2016-05-02				Columbus State University		740254	Plantae	Tracheophyta	Liliopsida	Asparagales	Orchidaceae			Pleurothallis	Pleurothallis microcardia			Pleurothallis microcardia		species	Becky Brinkman			 	 									Kyie Bucalo, Becky Brinkman	2015-10-27					238.0	United States	US				High elevation house		[38.82081, -96.33162]		Coordinates from country centroid					Nearctic		Flint_Hills_tallgrass_prairie		Accessioned collection material from Atlanta Botanical Garden, Not wild collected	AAGCGTTGGATTTAAAGCTGGTGTTAAAGATTACAAATTGACTTATTATACTCCTGACTACGAAACCAAAGATACTGATATCTTGGCAGCATTCCGAGTAACTCCTCAACCGGGAGTTCCGCCTGAAGAAGCGGGGGCTGCGGTAGCTGCCGAATCTTCTACTGGTACATGGACAACTGTGTGGACTGATGGACTTACCAGTCTTGATCGTTACAAAGGACGATGCTACCACATCGAGGTCGTTGTTGGGGAGGAAAATCAATATATTGCTTATGTAGCTTATCCTTTAGACCTTTTTGAAGAAGGTTCTGTTACTAACATGTTTACTTCCATTGTGGGTAATGTATTTGGTTTCAAAGCCCTGCGAGCTCTACGTCTGGAAGATCTGCGAATTCCCACTTCTTATTCCAAAACTTTCCAAGGTCCGCCTCATGGCATCCAAGTTGAAAGAGATAAATTGAACAAGTACGGTCGTCCCCTATTGGGATGTACTATTAAACCAAAATTGGGATTATCCGCAAAAAACTACGGTAGAGCAGTTTATGAATGTCTA	553.0	MT519419		rbcLa	['rbcLa-F:ATGTCACCACAAACAGAGACTAAAGC']	['rbcLa-R:GTAAAATCAAGTCCACCRCG']	Centre for Biodiversity Genomics	2019-11-01	['ABGCO']	USA	1	8b7990ef1dbe784baaedbd1a09d59eed	Accessioned collection material from Atlanta Botanical Garden, Not wild collected										
ABGCO015-16	KB233	20150644		ABGCO015-16.rbcLa	7108492	2016-05-02				Columbus State University		740254	Plantae	Tracheophyta	Liliopsida	Asparagales	Orchidaceae			Pleurothallis	Pleurothallis microcardia			Pleurothallis microcardia		species	Becky Brinkman													Kyie Bucalo, Becky Brinkman	2015-10-27					238.0	United States	US				High elevation house		[38.82081, -96.33162]		Coordinates from country centroid					Nearctic		Flint_Hills_tallgrass_prairie		Accessioned collection material from Atlanta Botanical Garden, Not wild collected	TACAAATTGACTTATTATACTCCTGACTACGAAACCAAAGATACTGATATCTTGGCAGCATTCCGAGTAACTCCTCAACCGGGAGTTCCGCCTGAAGAAGCGGGGGCTGCGGTAGCTGCCGAATCTTCTACTGGTACATGGACAACTGTGTGGACTGATGGACTTACCAGTCTTGATCGTTACAAAGGACGATGCTACCACATCGAGGTCGTTGTTGGGGAGGAAAATCAATATATTGCTTATGTAGCTTATCCTTTAGACCTTTTTGAAGAAGGTTCTGTTACTAACATGTTTACTTCCATTGTGGGTAATGTATTTGGTTTCAAAGCCCTGCGAGCTCTACGTCTGGAAGATCTGCGAATTCCCACTTCTTATTCCAAAACTTTCCAAGGTCCGCCTCATGGCATCCAAGTTGAAAGAGATAAATTGAACAAGTACGGTCGTCCCCTATTGGGATGTACTATTAAACCAAAATTGGGATTATCCGCAAAAAACTACGGTAGAGCAGTTTAT	513.0	MT519420		rbcLa	['rbcLa-F:ATGTCACCACAAACAGAGACTAAAGC']	['rbcLa-R:GTAAAATCAAGTCCACCRCG']	Centre for Biodiversity Genomics	2019-11-01	['ABGCO']	USA	1	7193b13fc030ddde417c0a866e3439fc	Accessioned collection material from Atlanta Botanical Garden, Not wild collected										
ABGCO016-16	KB234	20151578		ABGCO016-16.rbcLa	7108493	2016-05-02				Columbus State University		740255	Plantae	Tracheophyta	Liliopsida	Asparagales	Orchidaceae			Zootrophion	Zootrophion niveam			Zootrophion niveam		species	Becky Brinkman		Zootrophion niveum	 	 									Kyie Bucalo, Becky Brinkman	2015-10-27					238.0	United States	US				High elevation house		[38.82081, -96.33162]		Coordinates from country centroid					Nearctic		Flint_Hills_tallgrass_prairie		Accessioned collection material from Atlanta Botanical Garden, Not wild collected	AAGCGTTGGATTTAAAGCTGGTGTTAAAGATTACAAATTGACTTATTATACTCCTGACTACGAAACCAAAGATACTGATATCTTGGCAGCATTCCGAGTAACTCCTCAACCGGGAGTTCCGCCTGAAGAAGCGGGGGCTGCGGTAGCAGCCGAATCTTCTACTGGTACATGGACAACTGTGTGGACTGATGGACTTACCAGTCTTGATCGTTACAAAGGACGATGCTACCACATCGAGGTCGTTGTTGGGGAGGAAAATCAATATATTGCTTATGTAGCTTATCCTTTAGACCTTTTTGAAGAAGGTTCTGTTACTAACATGTTTACTTCCATTGTGGGTAATGTATTTGGTTTCAAAGCCCTGCGAGCTCTACGTCTGGAAGATCTGCGAATTCCCACTTCTTATTCCAAAACTTTCCAAGGTCCGCCGCATGGCATCCAAGTTGAAAGAGATAAATTGAACAAGTACGGTCGTCCCCTATTGGGATGTACTATTAAACCAAAATTGGGATTATCCGCAAAAAACTACGGTAGAGCAGTTTATGAATGTCTA	553.0	MT519594		rbcLa	['matK_xF:TAATTTACGATCAATTCATTC', 'rbcLa-F:ATGTCACCACAAACAGAGACTAAAGC']	['matK-MALPR1:ACAAGAAAGTCGAAGTAT', 'rbcLa-R:GTAAAATCAAGTCCACCRCG']	Centre for Biodiversity Genomics	2019-11-01	['ABGCO']	USA	2	c0b732476327daa42ffba79c835405c6	Accessioned collection material from Atlanta Botanical Garden, Not wild collected										
ABGCO017-16	KB235	20150642		ABGCO017-16.rbcLa	7108494	2016-05-02				Columbus State University		740256	Plantae	Tracheophyta	Liliopsida	Asparagales	Orchidaceae			Pleurothallis	Pleurothallis ankyloglossa			Pleurothallis ankyloglossa		species	Becky Brinkman													Kyie Bucalo, Becky Brinkman	2015-10-27					238.0	United States	US				High elevation house		[38.82081, -96.33162]		Coordinates from country centroid					Nearctic		Flint_Hills_tallgrass_prairie		Accessioned collection material from Atlanta Botanical Garden, Not wild collected	AAAGCTGGTGTTAAAGATTACAAATTGACTTATTATACTCCTGACTACGAAACCAAAGATACTGATATCTTGGCAGCATTCCGAGTAACTCCTCAACCGGGAGTTCCGCCTGAAGAAGCGGGGGCTGCGGTAGCTGCCGAATCTTCTACTGGTACATGGACAACTGTGTGGACTGATGGACTTACCAGTCTTGATCGTTACAAAGGACGATGCTACCACATCGAGGTCGTTGTTGGGGAGGAAAATCAATATATTGCTTATGTAGCTTATCCTTTAGACCTTTTTGAANAAGGTTNGGTTACTAACATGTTTACTTCCATTGTGGGTAATGTATTTGGTTTCAAAGCCCTGCGAGCTCTACGTCTGGAAGATCTGCGAATTCCCACTGCTTATTCCAAAACTTTCCAAGGTCCGCCTCATGGCATCCAAGTTGAAAGAGATAAATTGAACAAGTACGGTCGTCCCCTATTGGGATGTACTATTAAACCAAAATTGGGATTATCCGCAAAAAACTACGGTAGAGCAGTTTATGAATGTCTA	538.0	MT519397		rbcLa	['matK_xF:TAATTTACGATCAATTCATTC', 'rbcLa-F:ATGTCACCACAAACAGAGACTAAAGC']	['matK-MALPR1:ACAAGAAAGTCGAAGTAT', 'rbcLa-R:GTAAAATCAAGTCCACCRCG']	Centre for Biodiversity Genomics	2019-11-01	['ABGCO']	USA	2	7a159a9ff5b7bebc3c35b77039783bdb	Accessioned collection material from Atlanta Botanical Garden, Not wild collected										
