organism_key	taxon_version_key	kingdom	phylum_division	class	order	family	genus	taxon_name	taxon_authority	taxon_rank	synonyms	non_native_flag	terrestrial_freshwater_flag	freshwater	marine_flag	freshbase	ukceh_freshwater_list	pantheon_sqs	pantheon_conservation_status	pantheon_current_conservation_status	pantheon_designation_summary	pantheon_larval_feeding_guild	pantheon_adult_feeding_guild	pantheon_broad_biotope	pantheon_habitat	pantheon_resources	pantheon_specific_assemblage_type	pantheon_habitat_score	pantheon_associations	jncc_a: bern convention	jncc_c: birds directive	jncc_c1: convention on migratory species	jncc_c2: ospar	jncc_d: habitats directive	jncc_e: ec cites	jncc_f: global red list status	jncc_fa: red listing based on pre 1994 iucn guidelines	jncc_fb: red listing based on 1994 iucn guidelines	jncc_fc: red listing based on 2001 iucn guidelines	jncc_fd: red data categories  - birds (not based on iucn criteria)	jncc_fe: red data categories - spiders (not based on iucn criteria)	jncc_ga: rare and scarce species	jncc_gb: rare and scarce species (not based on iucn criteria)	jncc_ha: biodiversity action plan uk list of priority species	jncc_hb: biodiversity lists - england	jncc_hc: biodiversity lists - scotland	jncc_hd: biodiversity lists - wales	jncc_he: biodiversity lists - northern ireland	jncc_i: wildlife and countryside act 1981	jncc_j: the wildlife (northern ireland) order 1985	jncc_k: the conservation of habitats and species regulations 2010	jncc_l: the conservation (nature habitats, etc_) regulations (ni) 199	jncc_m: protection of badgers act
NBNORG0000135096	NHMSYS0021727973	Animalia	Platyhelminthes	Rhabditophora	Seriata	Geoplanidae	Australopacifica	"?Australopacifica sp . ""Eden Project, 2020"""		Species		Y	Y																																								
NBNORG0000032486	NBNSYS0000178721	Animalia	Annelida	Polychaeta	Spionida	Aberrantidae	Aberranta	Aberranta sp.		Species					Y																																						
NBNORG0000127805	NHMSYS0021220924	Animalia	Arthropoda	Insecta	Hymenoptera	Ichneumonidae	Agrypon	Agrypon sp. H		Species			Y																																								
NBNORG0000076244	NHMSYS0021576498	Chromista	Oomycota	Peronosporea	Albuginales	Albuginaceae	Albugo	Albugo candida s. lat.		Species	Aecidium candidum;Albugo candida;Cystopus candidus;Uredo candida		Y																																								
NBNORG0000133363	NHMSYS0021552589	Chromista	Oomycota	Peronosporea	Albuginales	Albuginaceae	Albugo	Albugo candida s. str.	(Pers.) Roussel	Species			Y																																								
NBNORG0000105322	NHMSYS0020825389	Plantae	Tracheophyta	Magnoliopsida	Asparagales	Amaryllidaceae	Allium	Allium spp.		Species																																											
NBNORG0000071154	NHMSYS0000864848	Animalia	Arthropoda	Arachnida		Amerobelbidae	Amerobelba	Amerobelba ?decedens	Berlese, 1908	Species			Y																																								
NBNORG0000126248	NHMSYS0021204782	Animalia	Arthropoda	Insecta	Hymenoptera	Platygastridae	Amitus	Amitus sp. indet.		Species			Y																																								
NBNORG0000060711	NHMSYS0021813971	Animalia	Chordata	Aves	Charadriiformes	Charadriidae	Anarhynchus	Anarhynchus atrifrons/mongolus		Species	Charadrius atrifrons/mongolus;Charadrius mongolus		Y																			CMS_A2,CMS_AEWA-A2																					
NBNORG0000115838	NHMSYS0021109896	Animalia	Arthropoda	Insecta	Diptera	Tephritidae	Anastrepha	Anastrepha species indet		Species		Y	Y																																								
NBNORG0000096256	NHMSYS0020470184	Animalia	Nematoda	Secernentea	Rhabditida	Anguinidae	Anguina	Anguina sp.		Species			Y																																								
NBNORG0000048615	NHMSYS0000067959	Animalia	Platyhelminthes	Cestoda	Cyclophyllidea	Dilepididae	Anomotaenia	Anomotaenia ? stentorea	(Frölich, 1802)	Species																																											
NBNORG0000052106	NHMSYS0000343659	Animalia	Arthropoda	Pycnogonida	Pantopoda	Phoxichilidiidae	Anoplodactylus	Anoplodactylus sp. A	Bamber & Thurston, 1995	Species					Y																																						
NBNORG0000104110	NHMSYS0020752558	Animalia	Chordata	Ascidiacea	Aplousobranchia	Polyclinidae	Aplidium	Aplidium sp.		Species	Sidnyum sp.				Y																																						
NBNORG0000048618	NHMSYS0000067963	Animalia	Platyhelminthes	Cestoda	Cyclophyllidea	Hymenolepididae	Aploparaksis	Aploparaksis ? crassirostris	(Krabbe, 1869)	Species																																											
NBNORG0000051428	NHMSYS0000335474	Animalia	Chordata	Elasmobranchii	Carcharhiniformes	Scyliorhinidae	Apristurus	Apristurus sp. A		Species					Y																																						
NBNORG0000051429	NHMSYS0000335475	Animalia	Chordata	Elasmobranchii	Carcharhiniformes	Scyliorhinidae	Apristurus	Apristurus sp. B		Species					Y																																						
NBNORG0000050885	NHMSYS0000318598	Animalia	Arthropoda	Malacostraca	Tanaidacea	Apseudidae	Apseudes	Apseudes ? vicinus	Hansen, 1913	Species					Y																																						
NBNORG0000050944	NHMSYS0000322211	Animalia	Arthropoda	Ostracoda	Halocyprida	Halocyprididae	Archiconchoecia	Archiconchoecia aff. cucullata	(Brady, 1902)	Species					Y																																						
NBNORG0000134891	NHMSYS0021666463	Animalia	Nemertea	Enopla	Monostilifera	Prosorhochmidae	Argonemertes	Argonemertes cf. australiensis		Species		Y	Y																																								
NBNORG0000033034	NBNSYS0000179400	Animalia	Annelida	Polychaeta		Paraonidae	Aricidea	Aricidea cf. philbinae	(Brown, 1976)	Species					Y																																						
NBNORG0000132530	NHMSYS0021342564	Animalia	Mollusca	Gastropoda	Pulmonata	Arionidae	Arion	"Arion (Arion) sp. ""Davies"""	sensu Rowson et al. 2014	Species	"Arion sp. ""Davies"""	Y	Y																																								
NBNORG0000109084	NHMSYS0021009842	Animalia	Mollusca	Gastropoda	Pulmonata	Arionidae	Arion	Arion (Arion) sp. cf. empiricorum	A. Férussac, 1819	Species	Arion sp. cf. empiricorum		Y																																								
NBNORG0000109085	NHMSYS0021009848	Animalia	Mollusca	Gastropoda	Pulmonata	Arionidae	Arion	Arion (Arion) sp. cf. vulgaris	Moquin-Tandon, 1855	Species	Arion sp. cf. vulgaris		Y																																								
NBNORG0000109087	NHMSYS0021342574	Animalia	Mollusca	Gastropoda	Pulmonata	Arionidae	Arion	Arion (Kobeltia) cf. fagophilus	de Winter, 1986	Species	Arion (Kobeltia) sp. cf. fagophilus;Arion cf. fagophilus;Kobeltia cf. fagophilus	Y	Y																																								
NBNORG0000052903	NHMSYS0000377644	Animalia	Mollusca	Gastropoda	Pulmonata	Arionidae	Arion	Arion ater seg.	(Linnaeus, 1758)	Species			Y																																								
NBNORG0000009604	NBNSYS0000006699	Animalia	Mollusca	Gastropoda	Pulmonata	Arionidae	Arion	Arion circumscriptus seg.	Johnston, 1828	Species			Y																																								
NBNORG0000052906	NHMSYS0000377648	Animalia	Mollusca	Gastropoda	Pulmonata	Arionidae	Arion	Arion lusitanicus seg.	Mabille, 1868	Species			Y																																								
NBNORG0000117683	NHMSYS0021843341	Fungi	Basidiomycota	Agaricomycetes	Agaricales	Hygrophoraceae	Arrhenia	Arrhenia peltigerina s. lat.	(Peck) Redhead, Lutzoni, Moncalvo & Vilgalys	Species	Agaricus peltigerinus;Arrhenia peltigerina;Omphalina peltigerina		Y																										RedList_GB_post2001-NE			NR-includes											
NBNORG0000033070	NBNSYS0000179447	Animalia	Chordata	Ascidiacea	Phlebobranchia	Ascidiidae	Ascidiella	Ascidiella sp.		Species					Y																																						
NBNORG0000125443	NHMSYS0000364601	Fungi	Ascomycota	Lecanoromycetes	Pertusariales	Megasporaceae	Aspicilia	Aspicilia cinerea s. str.	(L.) Körb.	Species			Y																										RedList_GB_post2001-LC														
NBNORG0000096261	NHMSYS0020470202	Animalia	Arthropoda	Insecta	Hemiptera	Asterolecaniidae	Asterodiaspis	Asterodiaspis sp.		Species			Y																																								
NBNORG0000123043	NHMSYS0021843361	Fungi	Ascomycota	Lecanoromycetes	Teloschistales	Teloschistaceae	Athallia	Athallia holocarpa s. lat.		Species	Athallia holocarpa;Callopisma pyraceum;Caloplaca holocarpa;Caloplaca holocarpa s. lat.;Caloplaca holocarpa var. pyrithroma;Caloplaca pyracea;Caloplaca pyracea var. pyrithroma;Lecanora pyracea;Lecidea rupestris var. pyrithroma;Placodium pyraceum;Placodium pyraceum f. pictum;Placodium pyraceum var. holocarpum;Placodium pyraceum var. pyrithromum;Verrucaria obliterata var. holocarpa;Verrucaria oblitterata var. holocarpa		Y																										RedList_GB_post2001-LC														
NBNORG0000108522	NHMSYS0021843356	Fungi	Ascomycota	Lecanoromycetes	Teloschistales	Teloschistaceae	Athallia	Athallia holocarpa s. str.	(Hoffm.) Arup, Frödén & Søchting	Species	Caloplaca holocarpa s. str.		Y				Y																						RedList_GB_post2001-LC														
NBNORG0000135095	NHMSYS0021727968	Animalia	Platyhelminthes	Rhabditophora	Seriata	Geoplanidae	Australopacifica	"Australopacifica sp. ""Penzance, 2000"""		Species		Y	Y																																								
NBNORG0000134515	NHMSYS0021645955	Fungi	Ascomycota	Eurotiomycetes	Verrucariales	Verrucariaceae	Bagliettoa	Bagliettoa baldensis s. str.	(A. Massal.) Vězda	Species	Verrucaria baldensis s. str.		Y																																								
NBNORG0000134516	NHMSYS0021645960	Fungi	Ascomycota	Eurotiomycetes	Verrucariales	Verrucariaceae	Bagliettoa	Bagliettoa parmigera s. lat.	(J.Steiner) Vězda & Poelt	Species	Bagliettoa baldensis;Verrucaria baldensis;Verrucaria parmigera;Verrucaria sphinctrina		Y																										RedList_GB_post2001-LC														
NBNORG0000123126	NHMSYS0021797757	Fungi	Ascomycota	Lecanoromycetes	Teloschistales	Teloschistaceae	Blastenia	Blastenia ferruginea s. lat.		Species	Callopisma ferrugineum;Caloplaca aurantiaca;Caloplaca ferruginea;Caloplaca ferruginea agg.;Caloplaca ferruginea s. lat.;Lecanora aurantiaca;Lecanora ferruginea;Lecidea ferruginea;Lichen aurantiacus;Lichen ferrugineus;Placodium ferrugineum		Y																																	Scottish_Biodiversity_List							
NBNORG0000108517	NHMSYS0020989825	Fungi	Ascomycota	Lecanoromycetes	Teloschistales	Teloschistaceae	Blastenia	Blastenia ferruginea s. str.	(Huds.) A. Massal.	Species	Caloplaca ferruginea s. str.		Y																																								
NBNORG0000136165	NHMSYS0021795117	Fungi	Ascomycota	Lecanoromycetes	Teloschistales	Teloschistaceae	Blastenia	Blastenia herbidella s. lat.		Species	Caloplaca hebridella;Caloplaca herbidella;Caloplaca herbidella s. lat.		Y																															BAP-2007	England_NERC_S.41		Env (Wales) Act S7						
NBNORG0000108520	NHMSYS0020989826	Fungi	Ascomycota	Lecanoromycetes	Teloschistales	Teloschistaceae	Blastenia	Blastenia herbidella s. str.	(Hue) Servít	Species	Blastenia caesiorufa f. herbidella;Caloplaca herbidella s. str.		Y																																								
NBNORG0000014427	NBNSYS0000016820	Fungi	Ascomycota	Leotiomycetes	Helotiales	Erysiphaceae	Blumeria	Blumeria graminis s. lat.		Species	Erysiphe graminis;Oidium monilioides		Y																																								
NBNORG0000135983	NHMSYS0021782130	Fungi	Ascomycota	Leotiomycetes	Helotiales	Erysiphaceae	Blumeria	Blumeria graminis s. str.	(DC.) Speer	Species			Y																																								
NBNORG0000033366	NBNSYS0000179785	Animalia	Annelida	Polychaeta	Spionida	Spionidae	Boccardia	Boccardia cf. polybranchia	(Haswell, 1885)	Species					Y																																						
NBNORG0000103798	NHMSYS0021639835	Chromista	Foraminifera	Globothalamea	Rotaliida	Bolivinidae	Bolivinellina	Bolivinellina cf. pseudopunctata	(Höglund, 1947)	Species	Bolivina cf. pseudopunctata;Bolivinella cf. pseudopunctata				Y																																						
NBNORG0000048767	NHMSYS0000068144	Animalia	Platyhelminthes	Cestoda	Bothriocephalidea	Bothriocephalidae	Bothriocephalus	Bothriocephalus ? bipunctatus	(Zeder, 1782)	Species																																											
NBNORG0000106850	NHMSYS0020954887	Animalia	Chordata	Ascidiacea	Stolidobranchia	Styelidae	Botrylloides	Botrylloides cf. diegense	Ritter & Forsyth, 1917	Species					Y																																						
NBNORG0000115856	NHMSYS0021109620	Animalia	Chordata	Ascidiacea	Stolidobranchia	Styelidae	Botrylloides	Botrylloides cf.diegensis		Species		Y			Y																																						
NBNORG0000013703	NHMSYS0021576528	Chromista	Oomycota	Peronosporea	Peronosporales	Peronosporaceae	Bremia	Bremia lactucae s. lat.		Species	Botrytis ganglioniformis;Bremia lactucae;Bremia lactucae f.sp. crepidis;Bremia lactucae f.sp. hieracii;Bremia lactucae f.sp. leontodi;Bremia lactucae f.sp. picridis;Bremia lactucae f.sp. senecionis;Bremia lactucae f.sp. sonchi;Peronospora ganglioniformis		Y																																								
NBNORG0000133387	NHMSYS0021552709	Chromista	Oomycota	Peronosporea	Peronosporales	Peronosporaceae	Bremia	Bremia lactucae s. str.	Regel	Species			Y																																								
NBNORG0000012072	NHMSYS0021578108	Animalia	Arthropoda	Insecta	Diptera	Mycetophilidae	Brevicornu	Brevicornu sp. near arcticum		Species	Brachycampta arctica;Brevicornu arcticum		Y																																								
NBNORG0000048111	NHMSYS0000067098	Chromista	Foraminifera	Globothalamea	Rotaliida	Buliminidae	Bulimina	Bulimina cf. alazanensis	Cushman, 1927	Species																																											
NBNORG0000033513	NBNSYS0000179971	Animalia	Annelida	Polychaeta	Sabellida	Serpulidae	Bushiella	Bushiella n. sp.		Species					Y																																						
NBNORG0000133156	NHMSYS0021462933	Animalia	Arthropoda	Insecta	Hemiptera	Psyllidae	Cacopsylla	Cacopsylla fatsiae / Psylla tetrapanaxae		Species		Y	Y																																								
NBNORG0000087742	NHMSYS0001717484	Animalia	Arthropoda	Insecta	Coleoptera	Cantharidae	Cantharis	Cantharis flavilabris (=nigra auctt.)	Fallén, 1807	Species	Cantharis fulvicollis;Cantharis nigra (=flavilabris);Telophorus flavilabris		Y					1				predator	nectivore	open habitats	tall sward & scrub	habitats >> litter & ground layer, habitats >> sward/field layer, soil humidity >> variable humidity													RedList_GB_post2001-LC														
NBNORG0000051141	NHMSYS0000328858	Animalia	Chordata	Actinopterygii	Cetomimiformes	Cetomimidae	Cetomimus	Cetomimus sp.		Species					Y																																						
NBNORG0000091504	NHMSYS0020105991	Fungi	Ascomycota	Lecanoromycetes	Lecanorales	Parmeliaceae	Cetrelia	Cetrelia olivetorum s. str.	(Nyl.) W.L. Culb. & C.F. Culb.	Species			Y																										RedList_GB_post2001-NE			NR-includes											
NBNORG0000092018	NHMSYS0021486737	Animalia	Arthropoda	Insecta	Coleoptera	Curculionidae	Ceutorhynchus	Ceutorhynchus obstrictus (=assimilis auctt.)	(Marsham, 1802)	Species	Ceutorhynchus assimilis;Ceutorhynchus obstrictus		Y					1				herbivore	herbivore	open habitats	tall sward & scrub	habitats >> sward/field layer, soil humidity >> damp			Brassicaceae																								
NBNORG0000094111	NHMSYS0020302560	Animalia	Arthropoda	Malacostraca	Isopoda	Philosciidae	Chaetophiloscia	Chaetophiloscia sp.		Species			Y																										RedList_GB_post2001-NA														
NBNORG0000129660	NHMSYS0021237550	Animalia	Arthropoda	Arachnida	Trombidiformes	Cheyletidae	Cheletonella	Cheletonella sp. A		Species			Y																																								
NBNORG0000096435	NHMSYS0020475494	Animalia	Arthropoda	Insecta	Diptera	Chironomidae	Chironomus	Chironomus (Other)		Species			Y	Y			Y																																				
NBNORG0000048627	NHMSYS0000067973	Animalia	Platyhelminthes	Cestoda	Cyclophyllidea	Dilepididae	Choanotaenia	Choanotaenia ? borealis	(von Linstow, 1905)	Species																																											
NBNORG0000048630	NHMSYS0000067976	Animalia	Platyhelminthes	Cestoda	Cyclophyllidea	Dilepididae	Choanotaenia	Choanotaenia ? crateriformis	(Goeze, 1782)	Species																																											
NBNORG0000048634	NHMSYS0000067981	Animalia	Platyhelminthes	Cestoda	Cyclophyllidea	Dilepididae	Choanotaenia	Choanotaenia ? paradoxa	(Rudolphi, 1802)	Species																																											
NBNORG0000125439	NBNSYS0000018346	Fungi	Ascomycota	Lecanoromycetes	Lecanorales	Cladoniaceae	Cladonia	Cladonia arbuscula s. str.	(Wallr.) Flot.	Species	Cladonia arbuscula subsp. arbuscula;Cladonia arbuscula subsp. squarrosa		Y																					HabDir-A5					RedList_GB_post2001-DD			NR-includes				Scottish_Biodiversity_List							
NBNORG0000091505	NHMSYS0020105992	Fungi	Ascomycota	Lecanoromycetes	Lecanorales	Cladoniaceae	Cladonia	Cladonia chlorophaea s. str.	(Flörke ex Sommerf.) Spreng.	Species			Y																										RedList_GB_post2001-LC														
NBNORG0000125454	NHMSYS0020105993	Fungi	Ascomycota	Lecanoromycetes	Lecanorales	Cladoniaceae	Cladonia	Cladonia coccifera s. str.	(L.) Willd.	Species	Cladonia coccifera f. asotea		Y																																								
NBNORG0000108541	NHMSYS0021576563	Fungi	Ascomycota	Lecanoromycetes	Lecanorales	Cladoniaceae	Cladonia	Cladonia grayi s. lat.		Species	Cladonia grayi		Y																										RedList_GB_post2001-NE			NR-includes											
NBNORG0000133402	NHMSYS0021552784	Fungi	Ascomycota	Lecanoromycetes	Lecanorales	Cladoniaceae	Cladonia	Cladonia grayi s. str.	G.K. Merr. ex Sandst.	Species			Y																																								
NBNORG0000138516	NHMSYS0021937894	Fungi	Basidiomycota	Agaricomycetes	Agaricales	Clavariaceae	Clavaria	Clavaria zollingeri s. lat.		Species	Clavaria amethystina;Clavaria zollingeri		Y																																		Env (Wales) Act S7	NI_Priority					
NBNORG0000034002	NBNSYS0000180569	Animalia	Chordata	Ascidiacea	Aplousobranchia	Clavelinidae	Clavelina	Clavelina sp.		Species					Y																																						
NBNORG0000097566	NHMSYS0020528146	Animalia	Mollusca	Gastropoda	Pulmonata	Cochlicopidae	Cochlicopa	Cochlicopa cf. lubrica	(O. F. Müller, 1774)	Species	Cochlicopa lubrica		Y																										RedList_GB_post2001-LC														
NBNORG0000086713	NHMSYS0001701971	Animalia	Mollusca	Gastropoda	Pulmonata	Cochlicopidae	Cochlicopa	Cochlicopa cf. lubricella	(Rossmässler, 1834)	Species	Cochlicopa lubricella		Y																										RedList_GB_post2001-LC														
NBNORG0000052908	NHMSYS0000377650	Animalia	Mollusca	Gastropoda	Pulmonata	Cochlicopidae	Cochlicopa	Cochlicopa lubrica seg.	(Müller, 1774)	Species			Y																																								
NBNORG0000076026	NHMSYS0021832721	Fungi	Basidiomycota	Pucciniomycetes	Pucciniales	Coleosporiaceae	Coleosporium	Coleosporium tussilaginis s. lat.		Species	Aecidium pini;Caeoma compransor;Caeoma crustaceum;Caeoma rhinanthacearum;Caeoma spinulosum;Coleosporium rhinanthacearum;Coleosporium sonchi-arvensis;Coleosporium synantherarum;Coleosporium tropaeoli;Coleosporium tussilaginis;Peridermium acerifolium;Peridermium acicola;Peridermium acicolum;Peridermium oblongisporium;Peridermium pinicola;Peridermium plowrightii;Puccinia sonchi-arvensis;Trichobasis cichoracearum;Uredo compransor;Uredo crustosa;Uredo rhinanthacearum;Uredo sonchi-arvensis;Uredo tremellosa;Uredo tropaeoli;Uredo tussilaginis		Y																																								
NBNORG0000138341	NHMSYS0021905613	Fungi	Basidiomycota	Pucciniomycetes	Pucciniales	Coleosporiaceae	Coleosporium	Coleosporium tussilaginis s. str.	(Pers.) Tul.	Species			Y																																								
NBNORG0000009597	NBNSYS0000006663	Animalia	Mollusca	Gastropoda	Pulmonata	Vertiginidae	Columella	Columella edentula seg.	(Draparnaud, 1805)	Species			Y																																								
NBNORG0000051119	NHMSYS0000322501	Animalia	Arthropoda	Ostracoda	Halocyprida	Halocyprididae	Conchoecia	Conchoecia aff. edentata		Species					Y																																						
NBNORG0000024057	NBNSYS0000036976	Animalia	Arthropoda	Insecta	Diptera	Mycetophilidae	Cordyla	Cordyla sp. nov. near murina		Species	Cordyla pseudomurina		Y																																								
NBNORG0000034206	NBNSYS0000180813	Animalia	Annelida	Polychaeta		Cossuridae	Cossura	Cossura sp.		Species					Y																																						
NBNORG0000115891	NHMSYS0021109657	Plantae	Tracheophyta	Magnoliopsida	Rosales	Rosaceae	Cotoneaster	Cotoneaster microphyllus s.str.		Species		Y	Y																																								
NBNORG0000108360	NHMSYS0021131328	Animalia	Arthropoda	Chilopoda	Scolopendromorpha	Cryptopidae	Cryptops	Cryptops cf. hispanus		Species	Cryptops sp.		Y																										RedList_GB_post2001-NA														
NBNORG0000091550	NHMSYS0020108915	Animalia	Arthropoda	Chilopoda	Scolopendromorpha	Cryptopidae	Cryptops	Cryptops sp.		Species			Y																																								
NBNORG0000136359	NBNSYS0000017176	Fungi	Ascomycota	Leotiomycetes	Helotiales	Tricladiaceae	Cudoniella	Cudoniella clavus var. grandis	(Boud.) Dennis	Species			Y																																								
NBNORG0000034310	NBNSYS0000180935	Animalia	Cnidaria	Hydrozoa	Leptothecata	Campanulinidae	Cuspidella	Cuspidella spp.		Species					Y																																						
NBNORG0000043985	NBNSYS0100011299	Chromista		Bacillariophyceae	Fragilariales	Fragilariaceae	Diatoma	Diatoma (Other)	M Kelly	Species																																											
NBNORG0000004449	NHMSYS0021843366	Fungi	Ascomycota	Dothideomycetes	Pleosporales	Phaeosphaeriaceae	Didymocyrtis	Didymocyrtis epiphyscia s. lat.		Species	Didymocyrtis epiphyscia;Didymocyrtis epiphysica;Phoma physciicola		Y																										RedList_GB_post2001-NE			NR-includes											
NBNORG0000136824	NHMSYS0021843371	Fungi	Ascomycota	Dothideomycetes	Pleosporales	Phaeosphaeriaceae	Didymocyrtis	Didymocyrtis epiphyscia s. str.	Ertz & Diederich	Species			Y																																								
NBNORG0000134311	NHMSYS0021616596	Plantae	Bryophyta	Bryopsida	Dicranales	Pottiaceae	Didymodon	Didymodon tophaceus subsp. sicculus	(Brid.) Lisa	Species			Y	Y																																							
NBNORG0000134310	NHMSYS0021616591	Plantae	Bryophyta	Bryopsida	Dicranales	Pottiaceae	Didymodon	Didymodon tophaceus subsp. tophaceus	(Brid.) Lisa	Species			Y	Y																																							
NBNORG0000034653	NBNSYS0000181352	Animalia	Annelida	Polychaeta	Terebellida	Flabelligeridae	Diplocirrus	Diplocirrus n. sp		Species					Y																																						
NBNORG0000051441	NHMSYS0000335513	Animalia	Chordata	Elasmobranchii	Rajiformes	Rajidae	Dipturus	Dipturus sp.		Species					Y																																						
NBNORG0000051158	NHMSYS0000328898	Animalia	Chordata	Actinopterygii	Osmeriformes	Opisthoproctidae	Dolichopteryx	Dolichopteryx sp.		Species					Y																																						
NBNORG0000034814	NBNSYS0000181537	Animalia	Annelida	Polychaeta	Terebellida	Ampharetidae	Eclysippe	Eclysippe cf. vanelli	(Fauvel, 1936)	Species	Eclysippe cfVanelli				Y																																						
NBNORG0000034826	NBNSYS0000181564	Animalia	Annelida	Polychaeta	Phyllodocida	Syllidae	Ehlersia	Ehlersia sp.		Species					Y																																						
NBNORG0000109030	NHMSYS0021008020	Animalia	Arthropoda	Insecta	Diptera	Chloropidae	Elachiptera	Elachiptera sp. nr cornuta		Species	Elachiptera sp. nr. cornuta (but femoral comb setae in 2 rows)		Y																																								
NBNORG0000078825	NHMSYS0021576643	Fungi	Basidiomycota	Agaricomycetes	Agaricales	Entolomataceae	Entoloma	Entoloma bloxamii s. lat.		Species	Agaricus bloxamii;Entoloma bloxamii;Entoloma bloxamii var. triste;Entoloma madidum		Y																															BAP-2007	England_NERC_S.41	Scottish_Biodiversity_List	Env (Wales) Act S7	NI_Priority					
NBNORG0000133453	NHMSYS0021553039	Fungi	Basidiomycota	Agaricomycetes	Agaricales	Entolomataceae	Entoloma	Entoloma bloxamii s. str.	(Berk. & Broome) Sacc.	Species	Agaricus rubellus;Entoloma bloxamii var. rubellum;Entoloma rubellum		Y																																								
NBNORG0000078842	NHMSYS0021823736	Fungi	Basidiomycota	Agaricomycetes	Agaricales	Entolomataceae	Entoloma	Entoloma corvinum s. lat.		Species	Entoloma corvinum;Leptonia corvina;Rhodophyllus corvinus		Y																																								
NBNORG0000002002	NHMSYS0021832816	Fungi	Basidiomycota	Agaricomycetes	Agaricales	Entolomataceae	Entoloma	Entoloma longistriatum s. lat.		Species	Entoloma longistriatum;Entoloma longistriatum var. longistriatum;Entoloma longistriatum var. microsporum;Entoloma sarcitulum var. majusculum;Entoloma sarcitum var. majusculum;Leptonia longistriata;Leptonia majuscula;Leptonia spurceifolia;Rhodophyllus majusculus;Rhodophyllus sarcitulus var. majusculus;Rhodophyllus sarcitus var. majusculus		Y																																								
NBNORG0000078924	NHMSYS0021835636	Fungi	Basidiomycota	Agaricomycetes	Agaricales	Entolomataceae	Entoloma	Entoloma rhombisporum s. lat.	(Kühner & Boursier) E. Horak	Species	Entoloma rhombisporum;Entoloma rhombisporum var. rhombisporum;Entoloma thombisporus;Leptonia rhombispora;Nolanea rhombispora;Nolanea rhombisporus;Rhodophyllus rhombisporus		Y																																								
NBNORG0000136585	NHMSYS0021835631	Fungi	Basidiomycota	Agaricomycetes	Agaricales	Entolomataceae	Entoloma	Entoloma rhombisporum s. str.	(Kühner & Boursier) E. Horak	Species			Y																																								
NBNORG0000050156	NHMSYS0021600322	Plantae	Bryophyta	Bryopsida	Dicranales	Pottiaceae	Ephemerum	Ephemerum crassinervium subsp. sessile	(Bruch) Holyoak	Species	Ephemerella sessilis;Ephemerum sessile		Y	Y			Y																																				
NBNORG0000048180	NHMSYS0000067181	Chromista	Foraminifera	Polythalamea	Robertinida	Epistominidae	Epistominella	Epistominella cf. naraensis	Kuwano, 1959	Species																																											
NBNORG0000035078	NBNSYS0000181852	Animalia	Mollusca	Gastropoda	Nudibranchia	Eubranchidae	Eubranchus	Eubranchus sp.		Species					Y																																						
NBNORG0000035108	NBNSYS0000181887	Animalia	Annelida	Polychaeta		Maldanidae	Euclymene	Euclymene sp.		Species					Y																																						
NBNORG0000023133	NBNSYS0000033074	Animalia	Mollusca	Gastropoda	Pulmonata	Euconulidae	Euconulus	Euconulus fulvus seg.	(Müller, 1774)	Species			Y																																								
NBNORG0000035137	NBNSYS0000181924	Animalia	Annelida	Polychaeta	Phyllodocida	Phyllodocidae	Eulalia	Eulalia n. sp.		Species					Y																																						
NBNORG0000041992	NBNSYS0100003165	Animalia	Arthropoda	Insecta	Diptera	Chironomidae	Euryhapsis	Euryhapsis ? fuscipropes	Saether & Wang, 1992	Species	Euryhapsis fuscipropes		Y																																								
NBNORG0000108346	NHMSYS0020977769	Animalia	Arthropoda	Diplopoda	Polydesmida	Haplodesmidae	Eutrichodesmus	Eutrichodesmus sp.		Species			Y																										RedList_GB_post2001-NA														
NBNORG0000035222	NBNSYS0000182045	Animalia	Annelida	Polychaeta	Sabellida	Fabriciidae	Fabriciola	Fabriciola cf. berkeleyi	Banse, 1956	Species					Y																																						
NBNORG0000123114	NHMSYS0021843376	Fungi	Ascomycota	Lecanoromycetes	Teloschistales	Teloschistaceae	Flavoplaca	Flavoplaca citrina s. lat.		Species	Callopisma citrinum;Caloplaca citrina;Caloplaca citrina agg.;Caloplaca citrina s. lat.;Caloplaca citrina var. maritima;Flavoplaca citrina;Parmelia citrina;Placodium citrinum;Verrucaria citrina		Y																																								
NBNORG0000125453	NHMSYS0021843381	Fungi	Ascomycota	Lecanoromycetes	Teloschistales	Teloschistaceae	Flavoplaca	Flavoplaca citrina s. str.	(Hoffm.) Arup, Frödén & Søchting	Species	Caloplaca citrina s. str.		Y																										RedList_GB_post2001-LC														
NBNORG0000125048	BMSSYS0000598552	Fungi						Fungus (unidentified)		Species			Y																																								
NBNORG0000108351	NHMSYS0020977805	Animalia	Arthropoda	Malacostraca	Isopoda	Armadillidiidae	Gabunillo	Gabunillo sp.		Species			Y																										RedList_GB_post2001-NA														
NBNORG0000035326	NBNSYS0000182169	Animalia	Annelida	Polychaeta	Sabellida	Oweniidae	Galathowenia	Galathowenia n. sp.		Species					Y																																						
NBNORG0000134325	NHMSYS0021623224	Fungi	Basidiomycota	Agaricomycetes	Polyporales	Polyporaceae	Ganoderma	Ganoderma australe s. str.	(Fr.) Pat.	Species	Fomes australis;Polyporus australis	Y	Y																																								
NBNORG0000129918	NHMSYS0021241562	Animalia	Arthropoda	Collembola	Symphypleona	Katiannidae	Gen.nov.1	Gen.nov.1 sp.nov.1	Greenslade P in Ardron, PA, 2009	Species			Y																																								
NBNORG0000115919	NHMSYS0021109684	Animalia	Chordata	Mammalia	Rodentia	Sciuridae	Glaucomys	Glaucomys sp.		Species		Y	Y																																								
NBNORG0000133486	NHMSYS0021553204	Fungi	Basidiomycota	Agaricomycetes	Agaricales	Hygrophoraceae	Gliophorus	Gliophorus aff. perplexus		Species	Gliophorus sciophanus		Y																																								
NBNORG0000002687	NHMSYS0021646085	Fungi	Basidiomycota	Agaricomycetes	Agaricales	Hygrophoraceae	Gliophorus	Gliophorus perplexus agg.		Species	Gliophorus perplexus;Gliophorus psittacinus var. perplexus;Hygrocybe perplexa;Hygrocybe psittacina var. perplexa;Hygrocybe sciophana;Hygrophorus perplexus;Hygrophorus sciophanus		Y																																								
NBNORG0000014688	BMSSYS0000045815	Fungi	Ascomycota	Geoglossomycetes	Geoglossales	Geoglossaceae	Glutinoglossum	Glutinoglossum glutinosum s. lat.		Species	Geoglossum glutinosum		Y																																								
NBNORG0000134919	NHMSYS0021701745	Fungi	Ascomycota	Geoglossomycetes	Geoglossales	Geoglossaceae	Glutinoglossum	Glutinoglossum glutinosum s. str.	(Pers.) Hustad, A.N. Mill., Dentinger & P.F. Cannon	Species			Y																																								
NBNORG0000014407	NHMSYS0021646090	Fungi	Ascomycota	Leotiomycetes	Helotiales	Erysiphaceae	Golovinomyces	Golovinomyces biocellatus s. lat.	(Ehrenb.) V.P. Heluta	Species	Acrosporium erysiphoides;Alphitomorpha biocellata;Erysiphe biocellata;Erysiphe salviae;Euoidium erysiphoides;Golovinomyces biocellaris;Golovinomyces biocellatus;Oidium erysiphoides		Y																																								
NBNORG0000133487	NHMSYS0021553209	Fungi	Ascomycota	Leotiomycetes	Helotiales	Erysiphaceae	Golovinomyces	Golovinomyces biocellatus s. str.	(Ehrenb.) V.P. Heluta	Species			Y																																								
NBNORG0000090860	NHMSYS0019999598	Fungi	Ascomycota	Leotiomycetes	Helotiales	Erysiphaceae	Golovinomyces	Golovinomyces cynoglossi s. lat.		Species	Alphitomorpha cynoglossi;Erysiphe asperifoliorum;Erysiphe cynoglossi		Y																																								
NBNORG0000135978	NHMSYS0021782105	Fungi	Ascomycota	Leotiomycetes	Helotiales	Erysiphaceae	Golovinomyces	Golovinomyces cynoglossi s. str.	(Wallr.) V.P. Heluta	Species			Y																																								
NBNORG0000044130	NBNSYS0100012157	Chromista		Bacillariophyceae	Cymbellales	Gomphonemataceae	Gomphonema	Gomphonema (Other)	M Kelly	Species																																											
NBNORG0000035445	NBNSYS0000182303	Animalia	Annelida	Polychaeta	Phyllodocida	Goniadidae	Goniadella	Goniadella ? gracilis	(Verrill, 1873)	Species					Y																																						
NBNORG0000014471	NHMSYS0021794957	Fungi	Ascomycota	Lecanoromycetes	Ostropales	Graphidaceae	Graphis	Graphis scripta s. lat.		Species	Graphis diffracta;Graphis diffracta f. minor;Graphis diffracta var. flexuosa;Graphis diffracta var. major;Graphis diffracta var. minor;Graphis diffracta var. radiata;Graphis scripta;Graphis scripta f. divaricata;Graphis scripta f. eutypa;Graphis scripta f. flexuosa;Graphis scripta f. horizontalis;Graphis scripta f. major;Graphis scripta f. minor;Graphis scripta f. radiata;Graphis scripta f. recta;Graphis scripta f. varia;Graphis scripta var. abietina;Graphis scripta var. cerasi;Graphis scripta var. diffracta;Graphis scripta var. diffracta f. flexuosa;Graphis scripta var. diffracta f. major;Graphis scripta var. diffracta f. minor;Graphis scripta var. diffracta f. radiata;Graphis scripta var. divaricata;Graphis scripta var. eutypa;Graphis scripta var. flexuosa;Graphis scripta var. fraxini;Graphis scripta var. horizontalis;Graphis scripta var. limitata;Graphis scripta var. minuta;Graphis scripta var. pulverulenta;Graphis scripta var. radiata;Graphis scripta var. recta;Graphis scripta var. serpentina;Graphis scripta var. serpentina f. eutypa;Graphis scripta var. spathaea;Graphis scripta var. spathea;Graphis scripta var. stellata;Graphis scripta var. tremulans;Graphis scripta var. typographica;Graphis scripta var. varia;Graphis serpentina;Graphis serpentina f. eutypa;Graphis serpentina var. diffusa;Graphis serpentina var. divaricata;Graphis serpentina var. eutypa;Graphis serpentina var. flexuosa;Graphis serpentina var. horizontalis;Graphis serpentina var. minuta;Graphis serpentina var. radiata;Graphis serpentina var. recta;Graphis serpentina var. spathea;Graphis serpentina var. stellata;Graphis serpentina var. tremulans;Graphis serpentina var. varia;Lichen serpentinus;Opegrapha cerasi;Opegrapha pulverulenta;Opegrapha pulverulenta var. fraxini;Opegrapha recta;Opegrapha scripta var. abietina;Sphaeria limitata;Verrucaria typographica		Y																										RedList_GB_post2001-LC														
NBNORG0000136120	NHMSYS0021794962	Fungi	Ascomycota	Lecanoromycetes	Ostropales	Graphidaceae	Graphis	Graphis scripta s. str.	(L.) Ach.	Species	Lichen scriptus;Opegrapha scripta		Y																																								
NBNORG0000048337	NHMSYS0000067556	Animalia	Platyhelminthes	Trematoda	Plagiorchiida	Brachycladiidae	Hadwenius	Hadwenius sp.		Species																																											
NBNORG0000136583	NHMSYS0021835621	Fungi	Basidiomycota	Agaricomycetes	Agaricales	Hymenogastraceae	Hebeloma	Hebeloma crustuliniforme s. str.	(Bull.) Quél.	Species			Y																																								
NBNORG0000077125	BMSSYS0000728900	Fungi	Basidiomycota	Agaricomycetes	Agaricales	Clavariaceae	Hodophilus	Hodophilus hymenocephalus s. lat.		Species	Armillariella hymenocephala;Camarophyllopsis hymenocephala;Camarophyllus hymenocephalus;Hygrocybe hymenocephala;Hygrophorus hymenocephalus;Hygrotrama hymenocephalum		Y																																								
NBNORG0000134933	NHMSYS0021711769	Animalia	Arthropoda	Insecta	Lepidoptera	Tineidae	Homosetia	Homosetia sp.		Species		Y	Y																																								
NBNORG0000119870	NHMSYS0021600517	Chromista	Oomycota	Peronosporea	Peronosporales	Peronosporaceae	Hyaloperonospora	Hyaloperonospora brassicae s. lat.	(Gäum.) Göker, Voglmayr, Riethm., Weiss & Oberw.	Species	Hyaloperonospora brassicae;Peronospora brassicae		Y																																								
NBNORG0000134080	NHMSYS0021600467	Chromista	Oomycota	Peronosporea	Peronosporales	Peronosporaceae	Hyaloperonospora	Hyaloperonospora brassicae s. str.	(Gäum.) Göker, Voglmayr, Riethm., Weiss & Oberw.	Species			Y																																								
NBNORG0000098398	NHMSYS0021576668	Chromista	Oomycota	Peronosporea	Peronosporales	Peronosporaceae	Hyaloperonospora	Hyaloperonospora parasitica s. lat.		Species	Botrytis parasitica;Hyaloperonospora parasitica;Peronospora parasitica		Y																																								
NBNORG0000133514	NHMSYS0021553344	Chromista	Oomycota	Peronosporea	Peronosporales	Peronosporaceae	Hyaloperonospora	Hyaloperonospora parasitica s. str.	(Pers.) Constant.	Species			Y																																								
NBNORG0000009588	NBNSYS0000006609	Animalia	Mollusca	Gastropoda	Littorinimorpha	Hydrobiidae	Hydrobia	Hydrobia ventrosa seg.	(Montagu), seg.	Species			Y		Y																																						
NBNORG0000048667	NHMSYS0000068024	Animalia	Platyhelminthes	Cestoda	Cyclophyllidea	Hymenolepididae	Hymenolepis	Hymenolepis ? jaegerskioeldi	Fuhrmann, 1913	Species																																											
NBNORG0000048678	NHMSYS0000068040	Animalia	Platyhelminthes	Cestoda	Cyclophyllidea	Hymenolepididae	Hymenolepis	Hymenolepis ? pistillum	(Dujardin, 1845)	Species																																											
NBNORG0000048680	NHMSYS0000068042	Animalia	Platyhelminthes	Cestoda	Cyclophyllidea	Hymenolepididae	Hymenolepis	Hymenolepis ? scalaris	(Dujardin, 1845)	Species																																											
NBNORG0000048685	NHMSYS0000068051	Animalia	Platyhelminthes	Cestoda	Cyclophyllidea	Hymenolepididae	Hymenolepis	Hymenolepis ? uncinata	(Stieda, 1862)	Species																																											
NBNORG0000108574	NHMSYS0020987692	Fungi	Ascomycota	Lecanoromycetes	Lecanorales	Parmeliaceae	Hypotrachyna	Hypotrachyna revoluta s. str.	(Flörke) Hale	Species	Parmelia revoluta		Y																																								
NBNORG0000048687	NHMSYS0000068053	Animalia	Platyhelminthes	Cestoda	Cyclophyllidea	Davaineidae	Idiogenes	Idiogenes ? grandiporus	Cholodkovsky, 1905	Species																																											
NBNORG0000116569	NHMSYS0021125521	Animalia	Arthropoda	Collembola	Symphypleona	Katiannidae	Katianna	Katianna sp3.		Species		Y	Y																																								
NBNORG0000135078	NHMSYS0021723403	Animalia	Arthropoda	Collembola	Symphypleona	Katiannidae		Katiannidae gen.nov.1 sp.nov.1		Species		Y	Y																																								
NBNORG0000136229	NHMSYS0021808406	Animalia	Arthropoda	Collembola	Symphypleona	Katiannidae		Katiannidae gen.nov.1 sp.nov.2		Species		Y	Y																																								
NBNORG0000036071	NBNSYS0000183139	Animalia	Annelida	Polychaeta	Phyllodocida	Hesionidae	Kefersteinia	Kefersteinia sp.		Species					Y																																						
NBNORG0000103761	NHMSYS0020752205	Animalia	Cnidaria	Hydrozoa	Leptothecata	Kirchenpaueriidae	Kirchenpaueria	Kirchenpaueria ? pinnata	(Linnaeus, 1758)	Species					Y																																						
NBNORG0000095185	NHMSYS0020309342	Animalia	Arthropoda	Insecta	Hemiptera	Lygaeidae	Kleidocerys	Kleidocerys (f.?) privignus	(Horváth, 1894)	Species			Y																																								
NBNORG0000077706	BMSSYS0000046963	Fungi	Ascomycota	Lecanoromycetes	Peltigerales	Collemataceae	Lathagrium	Lathagrium undulatum var. undulatum	(Laurer ex Flot.) Otálora, P.M. Jørg. & Wedin	Species	Collema laureri;Collema undulatum;Collema undulatum var. undulatum;Latagrium undulatum;Synechoblastus complicatus;Synechoblastus laureri		Y																										RedList_GB_post2001-DD			NR-includes											
NBNORG0000108575	NHMSYS0020987696	Fungi	Ascomycota	Lecanoromycetes	Lecanorales	Ramalinaceae	Lecania	Lecania erysibe s. str.	(Ach.) Mudd	Species	Lecania erysibe f. sorediata;Lecaniella erysibe		Y				Y																						RedList_GB_post2001-LC														
NBNORG0000015433	NBNSYS0000018579	Fungi	Ascomycota	Lecanoromycetes	Lecanorales	Lecanoraceae	Lecanora	Lecanora chlarotera s. lat.		Species	Lecanora allophana;Lecanora chlarona;Lecanora chlarotera;Lecanora chlarotera f. crassula;Lecanora crassula;Lecanora distincta var. chlarona;Lecanora rugosa;Lecanora subfusca;Lecanora subfusca var. allophana;Lecanora subfusca var. chlarona;Lichen subfuscus;Parmelia subfusca		Y																										RedList_GB_post2001-LC														
NBNORG0000136166	NHMSYS0021795122	Fungi	Ascomycota	Lecanoromycetes	Lecanorales	Lecanoraceae	Lecanora	Lecanora chlarotera s. str.	Nyl.	Species			Y																																								
NBNORG0000108586	NHMSYS0020987752	Fungi	Ascomycota	Lecanoromycetes	Lecideales	Lecideaceae	Lecidea	Lecidea fuscoatra s. str.	(L.) Ach.	Species	Durella fuscoatra;Durella fuscoatrum;Lecidea fuscoatra f. mosigii;Lichen fusco-ater;Lichen fuscoater;Patellaria fuscoater		Y																																								
NBNORG0000125444	NHMSYS0000364668	Fungi	Ascomycota	Lecanoromycetes	Lecideales	Lecideaceae	Lecidea	Lecidea lactea s. str.	Flörke ex Schaer.	Species	Lecidea lapicida var. pantherina;Lecidea pantherina;Patellaria lapicida var. pantherina		Y																										RedList_GB_post2001-LC														
NBNORG0000130467	NHMSYS0021276176	Animalia	Arthropoda	Arachnida	Opiliones	Phalangiidae	Leiobunum	Leiobunum sp.  A		Species			Y																																								
NBNORG0000051459	NHMSYS0000335578	Animalia	Chordata	Actinopterygii	Gadiformes	Moridae	Lepidion	Lepidion ? schmidti	Svetovidov, 1936	Species					Y																																						
NBNORG0000036267	NBNSYS0000183379	Animalia	Mollusca	Solenogastres	Pholidoskepia	Lepidomeniidae	Lepidomenia	Lepidomenia sp.		Species					Y																																						
NBNORG0000048688	NHMSYS0000068054	Animalia	Platyhelminthes	Cestoda	Cyclophyllidea	Anoplocephalidae	Leporidotaenia	Leporidotaenia cf. wimerosa	(Moniez, 1880)	Species																																											
NBNORG0000125445	NHMSYS0000364677	Fungi	Ascomycota	Lecanoromycetes	Lecanorales	Stereocaulaceae	Lepraria	Lepraria incana s. str.	(L.) Ach.	Species	Crocynia tephra		Y																																								
NBNORG0000116784	NHMSYS0021130883	Chromista		Bacillariophyceae	Leptocylindrales	Leptocylindraceae	Leptocylindrus	Leptocylindrus cf. danicus		Species					Y																																						
NBNORG0000116785	NHMSYS0021130889	Chromista		Bacillariophyceae	Leptocylindrales	Leptocylindraceae	Leptocylindrus	Leptocylindrus cf. minimus		Species					Y																																						
NBNORG0000050867	NHMSYS0000315716	Animalia	Kinorhyncha		Homalorhagida	Pycnophyidae	Leptodemus	Leptodemus cf. serratus	Zelinka, 1928	Species					Y																																						
NBNORG0000129681	NHMSYS0021237676	Animalia	Arthropoda	Arachnida	Trombidiformes	Trombiculidae	Leptotrombidium	Leptotrombidium sp. A		Species			Y																																								
NBNORG0000080904	NHMSYS0001487847	Fungi	Ascomycota	Leotiomycetes	Helotiales	Erysiphaceae	Leveillula	Leveillula taurica s. lat.	(Lév.) G. Arnaud	Species	Erysiphe taurica;Leveillula cistacearum;Leveillula compositarum;Leveillula malvacearum;Leveillula taurica;Oidiopsis taurica		Y																																								
NBNORG0000133547	NHMSYS0021553509	Fungi	Ascomycota	Leotiomycetes	Helotiales	Erysiphaceae	Leveillula	Leveillula taurica s. str.	(Lév.) G. Arnaud	Species			Y																																								
NBNORG0000036397	NBNSYS0000183551	Animalia	Annelida	Polychaeta		Paraonidae	Levinsenia	Levinsenia sp.		Species					Y																																						
NBNORG0000091187	NHMSYS0020039553	Fungi	Ascomycota					Lichen (unidentified)		Species			Y																																								
NBNORG0000109090	NHMSYS0021342559	Animalia	Mollusca	Gastropoda	Pulmonata	Limacidae	Limax	Limax cf. dacampi	Menegazzi, 1854	Species	Limax sp. cf. dacampi	Y	Y																																								
NBNORG0000052911	NHMSYS0000377654	Animalia	Mollusca	Gastropoda	Pulmonata	Limacidae	Limax	Limax flavus seg.	Linnaeus, 1758	Species			Y																																								
NBNORG0000018859	NBNSYS0000027506	Animalia	Arthropoda	Insecta	Diptera	Chironomidae	Limnophyes	Limnophyes sp. near globifer	Brundin	Species			Y																																								
NBNORG0000036502	NBNSYS0000183666	Animalia	Annelida	Polychaeta	Terebellida	Terebellidae	Loimia	Loimia sp.		Species					Y																																						
NBNORG0000096332	NHMSYS0020470380	Animalia	Nematoda	Adenophorea	Dorylaimida	Longidoridae	Longidorus	Longidorus sp.		Species			Y																																								
NBNORG0000134184	NBNSYS0000035842	Plantae	Marchantiophyta	Jungermanniopsida	Jungermanniales	Scapaniaceae	Lophozia	Lophozia ventricosa var. silvicola	(Buch) E.W.Jones & Schust.	Species				Y																																							
NBNORG0000134185	NBNSYS0000035841	Plantae	Marchantiophyta	Jungermanniopsida	Jungermanniales	Scapaniaceae	Lophozia	Lophozia ventricosa var. ventricosa	(Dicks.) Dumort.	Species				Y																																							
NBNORG0000081025	NHMSYS0021843386	Fungi	Ascomycota	Lecanoromycetes		Sarrameanaceae	Loxospora	Loxospora elatina s. lat.		Species	Haematomma elatina;Haematomma elatinum;Lecanora elatina;Lichen elatinus;Loxaspora elatina;Loxospora elatina;Pseudographis elatina		Y																										RedList_GB_post2001-LC														
NBNORG0000136825	NHMSYS0021843391	Fungi	Ascomycota	Lecanoromycetes		Sarrameanaceae	Loxospora	Loxospora elatina s. str.	(Ach.) A. Massal.	Species			Y																																								
NBNORG0000019994	NBNSYS0000029022	Animalia	Arthropoda	Insecta	Diptera	Lauxaniidae	Lyciella	Lyciella sp. nov.		Species			Y																																								
NBNORG0000047419	NBNSYS0500000081	Plantae	Tracheophyta	Magnoliopsida	Myrtales	Lythraceae	Lythrum	Lythrum portula subsp. longidentatum-subsp. portula intermediate		Species			Y																										RedList_ENG_post2001-LC,RedList_GB_post2001-LC														
NBNORG0000036662	NBNSYS0000183845	Animalia	Mollusca	Solenogastres	Pholidoskepia	Macellomeniidae	Macellomenia	Macellomenia cf. palifera	(Pruvot, 1890)	Species					Y																																						
NBNORG0000129629	NHMSYS0021237364	Animalia	Arthropoda	Arachnida	Mesostigmata	Macronyssidae	Macronyssus	Macronyssus sp. A		Species			Y																																								
NBNORG0000129630	NHMSYS0021237370	Animalia	Arthropoda	Arachnida	Mesostigmata	Macronyssidae	Macronyssus	Macronyssus sp. B		Species			Y																																								
NBNORG0000051242	NHMSYS0000329151	Animalia	Chordata	Actinopterygii	Aulopiformes	Paralepididae	Macroparalepis	Macroparalepis sp.		Species					Y																																						
NBNORG0000130208	NHMSYS0021262075	Animalia	Arthropoda	Insecta	Diptera	Chironomidae	Macropelopia	Macropelopia spec. Norwegen	sensu Fittkau 1962	Species			Y																																								
NBNORG0000109496	NBNSYS0000176342	Plantae						Maerl indet		Species					Y																																						
NBNORG0000115943	NHMSYS0021109710	Animalia	Chordata	Actinopterygii	Perciformes	Cichlidae	Maylandia	Maylandia (Metriaclima) sp.		Species	Maylandia sp.;Metriaclima sp.	Y	Y	Y			Y																																				
NBNORG0000091555	NHMSYS0020108924	Animalia	Arthropoda	Chilopoda	Geophilomorpha	Mecistocephalidae	Mecistocephalus	Mecistocephalus cf. guildingii	Newport, 1843	Species			Y																																								
NBNORG0000129279	NHMSYS0021233231	Animalia	Arthropoda	Arachnida	Araneae	Linyphiidae	Megalepthyphantes	Megalepthyphantes sp. near collinus		Species			Y																										RedList_GB_post2001-NE														
NBNORG0000127766	NHMSYS0021220547	Animalia	Arthropoda	Insecta	Hymenoptera	Trichogrammatidae	Megaphragma	Megaphragma sp. indet.		Species			Y																																								
NBNORG0000020720	NBNSYS0000029947	Animalia	Arthropoda	Insecta	Diptera	Chloropidae	Meromyza	Meromyza sp. indet.	Fedoseeva	Species	Meromyza indet		Y																														Notable										
NBNORG0000116295	NHMSYS0021122907	Animalia	Arthropoda	Insecta	Diptera	Chloropidae	Meromyza	Meromyza sp. nr. depressa		Species			Y																																								
NBNORG0000048693	NHMSYS0000068059	Animalia	Platyhelminthes	Cestoda	Cyclophyllidea	Mesocestoididae	Mesocestoides	Mesocestoides sp. tetrathyridium		Species																																											
NBNORG0000024928	NHMSYS0021616551	Plantae	Marchantiophyta	Jungermanniopsida	Jungermanniales	Jungermanniaceae	Mesoptychia	Mesoptychia gillmanii var. laxa	(Schiffn. ex Burrell) L.Söderstr.	Species	Leiocolea rutheana var. laxa;Lophozia schultzii var. laxa		Y	Y			Y																																				
NBNORG0000125452	NHMSYS0020103730	Fungi	Ascomycota	Lecanoromycetes	Lecanorales	Byssolomataceae	Micarea	Micarea prasina s. str.	Fr.	Species			Y																										RedList_GB_post2001-LC			NS-includes											
NBNORG0000014811	NBNSYS0000017521	Fungi	Ascomycota	Leotiomycetes	Leotiales	Leotiaceae	Microglossum	Microglossum olivaceum agg.		Species	Geoglossum olivaceum;Leptoglossum olivaceum;Microglossum olivaceum;Mitrula olivacea		Y																															BAP-2007	England_NERC_S.41	Scottish_Biodiversity_List	Env (Wales) Act S7	NI_Priority					
NBNORG0000104070	NHMSYS0020752518	Animalia	Platyhelminthes	Cestoda	Cyclophyllidea	Hymenolepididae	Microsomacanthus	Microsomacanthus ? trifolium	(von Linstow, 1905)	Species	Hymenolepis ? trifolium																																										
NBNORG0000037015	NBNSYS0000184272	Animalia	Annelida	Polychaeta	Spionida	Spionidae	Prionospio	Minuspio cf. multibranchiata	(Berkeley, 1927)	Species	Minuspio cfMultibranchiata				Y																																						
NBNORG0000021303	NBNSYS0000030723	Animalia	Arthropoda	Insecta	Diptera	Muscidae	Musca	Musca ?? osiris	Wiedemann, 1830	Species			Y																																								
NBNORG0000037172	NBNSYS0000184461	Animalia	Porifera	Demospongiae	Poecilosclerida	Myxillidae	Myxilla	Myxilla cf. fimbriata		Species					Y																																						
NBNORG0000037173	NBNSYS0000184462	Animalia	Porifera	Demospongiae	Poecilosclerida	Myxillidae	Myxilla	Myxilla cf. rosacea		Species	Myxilla cfRosacea				Y																																						
NBNORG0000037220	NBNSYS0000184515	Animalia	Annelida	Polychaeta	Phyllodocida	Nereididae	Neanthes	Neanthes cf. flavipes	Ehlers, 1868	Species					Y																																						
NBNORG0000037282	NBNSYS0000184592	Animalia	Annelida	Polychaeta	Sabellida	Serpulidae	Neodexiospira	Neodexiospira n. sp.		Species					Y																																						
NBNORG0000037321	NBNSYS0000184635	Animalia	Annelida	Polychaeta	Phyllodocida	Nephtyidae	Nephtys	Nephtys n. sp.		Species					Y																																						
NBNORG0000128102	NHMSYS0021222706	Animalia	Arthropoda	Insecta	Hymenoptera	Ichneumonidae	Netelia	Netelia sp. A		Species			Y																																								
NBNORG0000128103	NHMSYS0021222712	Animalia	Arthropoda	Insecta	Hymenoptera	Ichneumonidae	Netelia	Netelia sp. B		Species			Y																																								
NBNORG0000128104	NHMSYS0021222718	Animalia	Arthropoda	Insecta	Hymenoptera	Ichneumonidae	Netelia	Netelia sp. C		Species			Y																																								
NBNORG0000128105	NHMSYS0021222724	Animalia	Arthropoda	Insecta	Hymenoptera	Ichneumonidae	Netelia	Netelia sp. R		Species			Y																																								
NBNORG0000128106	NHMSYS0021222730	Animalia	Arthropoda	Insecta	Hymenoptera	Ichneumonidae	Netelia	Netelia sp. W		Species			Y																																								
NBNORG0000096357	NHMSYS0020470424	Animalia	Nematoda	Secernentea	Rhabditida	Anguinidae	Nothanguina	Nothanguina sp.		Species			Y																																								
NBNORG0000037396	NBNSYS0000184727	Animalia	Annelida	Polychaeta		Capitellidae	Notomastus	Notomastus spp.		Species					Y																																						
NBNORG0000037399	NBNSYS0000184730	Animalia	Annelida	Polychaeta	Phyllodocida	Phyllodocidae	Notophyllum	Notophyllum cf. americanum	Verrill, 1885	Species					Y																																						
NBNORG0000037406	NBNSYS0000184737	Animalia	Annelida	Polychaeta		Maldanidae	Notoproctus	Notoproctus sp.		Species					Y																																						
NBNORG0000048871	NHMSYS0000068253	Animalia	Platyhelminthes	Cestoda	Trypanorhyncha	Tentaculariidae	Nybelinia	Nybelinia sp.		Species																																											
NBNORG0000129610	NHMSYS0021237250	Animalia	Arthropoda	Arachnida	Sarcoptiformes	Rosensteiniidae	Nycteriglyphus	Nycteriglyphus sp. A		Species			Y																																								
NBNORG0000125446	NHMSYS0000364693	Fungi	Ascomycota	Lecanoromycetes	Pertusariales	Ochrolechiaceae	Ochrolechia	Ochrolechia turneri s. str.	(Sm.) Hasselrot	Species	Ochrolechia parella var. turneri		Y																																								
NBNORG0000127952	NHMSYS0021221806	Animalia	Arthropoda	Insecta	Hymenoptera	Ichneumonidae	Odontoneura	Odontoneura sp. A		Species			Y																																								
NBNORG0000037628	NBNSYS0000184992	Animalia	Annelida	Polychaeta	Phyllodocida	Syllidae	Opisthodonta	Opisthodonta n. sp.		Species					Y																																						
NBNORG0000052260	NHMSYS0000355803	Animalia	Arthropoda	Arachnida	Araneae	Oonopidae	Orchestina	Orchestina sp.		Species			Y																										RedList_GB_post2001-CR(PE)			NR-includes											
NBNORG0000018804	NBNSYS0000027440	Animalia	Arthropoda	Insecta	Diptera	Chironomidae	Orthocladius	Orthocladius species A.		Species			Y	Y		Y	Y																																				
NBNORG0000106714	NHMSYS0020936461	Animalia	Arthropoda	Insecta	Diptera	Chloropidae	Oscinimorpha	Oscinimorpha sp. nov.		Species	Oscinomorpha sp. nov.		Y																																								
NBNORG0000096358	NHMSYS0020470427	Animalia	Arthropoda	Insecta	Diptera	Cecidomyiidae	Ozirhincus	Ozirhincus sp.		Species			Y																																								
NBNORG0000037679	NBNSYS0000185051	Animalia	Cnidaria	Anthozoa	Ceriantharia	Cerianthidae	Pachycerianthus	Pachycerianthus indet.		Species					Y																																						
NBNORG0000037777	NBNSYS0000185169	Animalia	Annelida	Polychaeta		Paraonidae	Paradoneis	Paradoneis cf. ilvana	Castelli, 1985	Species					Y																																						
NBNORG0000037778	NBNSYS0000185170	Animalia	Annelida	Polychaeta		Paraonidae	Paradoneis	Paradoneis sp.		Species					Y																																						
NBNORG0000037877	NBNSYS0000185290	Animalia	Annelida	Polychaeta		Paraonidae	Paraonides	Paraonides n. sp.		Species	Paraonides n.				Y																																						
NBNORG0000096175	NHMSYS0020467837	Animalia	Annelida	Polychaeta	Spionida	Spionidae	Parascolelepis	Parascolelepis cf. gilchristi		Species					Y																																						
NBNORG0000108409	NHMSYS0020978325	Animalia	Arthropoda	Arachnida	Mesostigmata	Parasitidae	Parasitellus	Parasitellus sp.		Species			Y																																								
NBNORG0000125441	NHMSYS0000363400	Fungi	Ascomycota	Lecanoromycetes	Lecanorales	Parmeliaceae	Parmelia	Parmelia saxatilis s. str.	(L.) Ach.	Species			Y																																								
NBNORG0000037965	NBNSYS0000185413	Animalia	Annelida	Polychaeta	Eunicida	Dorvilleidae	Parougia	Parougia spp.		Species					Y																																						
NBNORG0000020317	NBNSYS0000029447	Animalia	Arthropoda	Insecta	Diptera	Ephydridae	Parydra	Parydra sp. B		Species			Y																																								
NBNORG0000104082	NHMSYS0020752530	Animalia	Platyhelminthes	Cestoda	Cyclophyllidea	Hymenolepididae	Passerilepis	Passerilepis ? parina	(Fuhrmann, 1907)	Species	Hymenolepis ? parina																																										
NBNORG0000125404	BMSSYS0000534061	Fungi	Ascomycota	Lecanoromycetes	Peltigerales	Pannariaceae	Pectenia	Pectenia plumbea s. str.	(Lightf.) L. Lindblom, Wedin & S. Ekman	Species	Degelia plumbea s. str.;Pannaria plumbea s. str.;Parmeliella plumbea s. str.		Y																										RedList_GB_post2001-LC														
NBNORG0000082306	NHMSYS0021576778	Chromista	Oomycota	Peronosporea	Peronosporales	Peronosporaceae	Peronospora	Peronospora arborescens s. lat.		Species	Botrytis arborescens;Peronospora arborescens		Y																																								
NBNORG0000133588	NHMSYS0021553719	Chromista	Oomycota	Peronosporea	Peronosporales	Peronosporaceae	Peronospora	Peronospora arborescens s. str.	(Berk.) Casp.	Species			Y																																								
NBNORG0000013722	NBNSYS0000015416	Chromista	Oomycota	Peronosporea	Peronosporales	Peronosporaceae	Peronospora	Peronospora farinosa s. lat.	(Fr.) Fr.	Species	Botrytis epiphylla;Botrytis farinosa		Y																																								
NBNORG0000013743	NHMSYS0021576783	Chromista	Oomycota	Peronosporea	Peronosporales	Peronosporaceae	Peronospora	Peronospora sparsa s. lat.		Species	Peronospora fragariae;Peronospora pimpinellifolia;Peronospora sparsa		Y																																								
NBNORG0000133608	NHMSYS0021553819	Chromista	Oomycota	Peronosporea	Peronosporales	Peronosporaceae	Peronospora	Peronospora sparsa s. str.	Berk.	Species			Y																																								
NBNORG0000013746	NHMSYS0021576788	Chromista	Oomycota	Peronosporea	Peronosporales	Peronosporaceae	Peronospora	Peronospora trifoliorum s. lat.		Species	Peronospora trifolii-minoris;Peronospora trifolii-pratensis;Peronospora trifolii-repentis;Peronospora trifoliorum		Y																																								
NBNORG0000133613	NHMSYS0021553844	Chromista	Oomycota	Peronosporea	Peronosporales	Peronosporaceae	Peronospora	Peronospora trifoliorum s. str.	de Bary	Species			Y																																								
NBNORG0000013749	NHMSYS0021576793	Chromista	Oomycota	Peronosporea	Peronosporales	Peronosporaceae	Peronospora	Peronospora viciae s. lat.		Species	Botrytis viciae;Peronospora viciae;Peronospora viciae-sativae		Y																																								
NBNORG0000133614	NHMSYS0021553849	Chromista	Oomycota	Peronosporea	Peronosporales	Peronosporaceae	Peronospora	Peronospora viciae s. str.	(Berk.) Casp.	Species			Y																																								
NBNORG0000136412	NHMSYS0021832661	Fungi	Basidiomycota	Agaricomycetes	Thelephorales	Thelephoraceae	Phellodon	Phellodon niger s. str.	(Fr.) P. Karst.	Species			Y																																								
NBNORG0000082666	NHMSYS0001493582	Fungi	Ascomycota	Leotiomycetes	Helotiales	Erysiphaceae	Phyllactinia	Phyllactinia guttata s. lat.	(Wallr.) Lév.	Species	Alphitomorpha guttata;Erysiphe suffulta;Phyllactinia corylea;Phyllactinia guttata;Phyllactinia guttata agg.;Phyllactinia suffulta;Sclerotium erysiphe (b.) corylea;Sclerotium erysiphe β corylea		Y																																								
NBNORG0000133623	NHMSYS0021553894	Fungi	Ascomycota	Leotiomycetes	Helotiales	Erysiphaceae	Phyllactinia	Phyllactinia guttata s. str.	(Wallr.) Lév.	Species			Y																																								
NBNORG0000096364	NHMSYS0020470456	Animalia	Arthropoda	Insecta	Hemiptera	Phylloxeridae	Phylloxera	Phylloxera sp.		Species			Y																																								
NBNORG0000009595	NBNSYS0000006629	Animalia	Mollusca	Gastropoda		Physidae	Physa	Physa sp. (not fontinalis)	(Say)	Species			Y																																								
NBNORG0000038223	NBNSYS0000185711	Animalia	Annelida	Polychaeta	Terebellida	Terebellidae	Pista	Pista sp.		Species					Y																																						
NBNORG0000048483	NHMSYS0000067704	Animalia	Platyhelminthes	Trematoda	Plagiorchiida	Opecoelidae	Plagioporus	Plagioporus (?) tumidulus	(Rudolphi, 1819)	Species																																											
NBNORG0000050478	NHMSYS0021616561	Plantae	Bryophyta	Bryopsida	Hypnales	Plagiotheciaceae	Plagiothecium	Plagiothecium denticulatum var. denticulatum	(Hedw.) Schimp.	Species	Plagiothecium denticulatum var. undulatum;Plagiothecium ruthei		Y	Y			Y																						RedList_GB_post2001-LC														
NBNORG0000082796	NHMSYS0021576808	Chromista	Oomycota	Peronosporea	Peronosporales	Peronosporaceae	Plasmopara	Plasmopara crustosa s. lat.		Species	Botrytis crustosa;Peronospora podagrariae;Peronospora umbelliferarum;Plasmopara crustosa;Plasmopara podagrariae;Plasmopara umbelliferarum;Verticillium crustosum		Y																																								
NBNORG0000133642	NHMSYS0021553989	Chromista	Oomycota	Peronosporea	Peronosporales	Peronosporaceae	Plasmopara	Plasmopara crustosa s. str.	(Fr.) Jørst.	Species			Y																																								
NBNORG0000133647	NHMSYS0021554014	Chromista	Oomycota	Peronosporea	Peronosporales	Peronosporaceae	Plasmopara	Plasmopara nivea s. lat.		Species	Botrytis nivea;Peronospora nivea;Plasmopara nivea		Y																																								
NBNORG0000133648	NHMSYS0021554019	Chromista	Oomycota	Peronosporea	Peronosporales	Peronosporaceae	Plasmopara	Plasmopara nivea s. str.	(Unger) J. Schröt.	Species	Plasmopara aegopodii		Y																																								
NBNORG0000082799	NHMSYS0021576813	Chromista	Oomycota	Peronosporea	Peronosporales	Peronosporaceae	Plasmopara	Plasmopara pusilla s. lat.		Species	Peronospora pusilla;Plasmopara pusilla		Y																																								
NBNORG0000133651	NHMSYS0021554034	Chromista	Oomycota	Peronosporea	Peronosporales	Peronosporaceae	Plasmopara	Plasmopara pusilla s. str.	(de Bary) J. Schröt.	Species			Y																																								
NBNORG0000126118	NHMSYS0021204002	Animalia	Arthropoda	Insecta	Hymenoptera	Platygastridae	Platygaster	Platygaster ?anopediana	Buhl, 2005	Species	Platygaster anopediana		Y																																								
NBNORG0000126170	NHMSYS0021204314	Animalia	Arthropoda	Insecta	Hymenoptera	Platygastridae	Platygaster	Platygaster ?leucanthemi	(Kieffer, 1916)	Species	Platygaster leucanthemi		Y																																								
NBNORG0000126171	NHMSYS0021204320	Animalia	Arthropoda	Insecta	Hymenoptera	Platygastridae	Platygaster	Platygaster ?lineata	Kieffer, 1906	Species			Y																																								
NBNORG0000014404	NHMSYS0021576818	Fungi	Ascomycota	Leotiomycetes	Helotiales	Erysiphaceae	Podosphaera	Podosphaera tridactyla s. lat.	(Wallr.) de Bary	Species	Alphitomorpha tridactyla;Erysiphe bertolinii;Erysiphe tridactyla;Oidium passerinii;Podosphaera clandestina var. tridactyla;Podosphaera oxyacanthae var. tridactyla;Podosphaera tridactyla;Podosphaera tridactyla var. prunicola		Y																																								
NBNORG0000133666	NHMSYS0021554109	Fungi	Ascomycota	Leotiomycetes	Helotiales	Erysiphaceae	Podosphaera	Podosphaera tridactyla s. str.	(Wallr.) de Bary	Species			Y																																								
NBNORG0000108407	NHMSYS0020978313	Animalia	Arthropoda	Arachnida	Mesostigmata	Parasitidae	Poecilochirus	Poecilochirus sp.		Species			Y																																								
NBNORG0000123118	NHMSYS0021843396	Fungi	Ascomycota	Lecanoromycetes	Teloschistales	Teloschistaceae	Polycauliona	Polycauliona candelaria s. lat.		Species	Parmelia candelaria;Parmelia candelaria var. lychnea;Physcia lychnea;Physcia parietina var. lychnea;Polycauliona candelaria;Squamaria candelaria;Xanthoria candelaria;Xanthoria candelaria agg.;Xanthoria candelaria s. lat.;Xanthoria lychnea;Xanthoria lychnea var. perfusa		Y																																								
NBNORG0000125455	BMSSYS0000534105	Fungi	Ascomycota	Lecanoromycetes	Teloschistales	Teloschistaceae	Polycauliona	Polycauliona candelaria s. str.	(L.) Fröden, Arup & Søchting	Species	Lecanora candelaria;Lichen candelarius;Massjukiella candelaria;Xanthoria candelaria s. str.		Y																										RedList_GB_post2001-LC														
NBNORG0000038357	NBNSYS0000185874	Animalia	Annelida	Polychaeta	Terebellida	Terebellidae	Polycirrus	Polycirrus n. sp.		Species					Y																																						
NBNORG0000050517	NHMSYS0021600187	Plantae	Bryophyta	Polytrichopsida	Polytrichales	Polytrichaceae	Polytrichum	Polytrichum commune s.str.	Hedw.	Species	Polytrichum commune var. commune		Y	Y			Y																																				
NBNORG0000134967	NHMSYS0021717233	Animalia	Mollusca	Gastropoda	Architaenioglossa	Ampullariidae	Pomacea	Pomacea sp.		Species		Y		Y																																							
NBNORG0000106759	NHMSYS0020953703	Animalia	Arthropoda	Arachnida	Araneae	Linyphiidae	Porrhomma	Porrhomma sp. nov.		Species			Y																																								
NBNORG0000131867	NHMSYS0021293824	Animalia	Arthropoda	Arachnida	Trombidiformes	Eupodidae	Protereunetes	Protereunetes cf. boerneri	Thor, 1934	Species			Y																																								
NBNORG0000038575	NBNSYS0000186140	Animalia	Mollusca	Solenogastres	Cavibelonia	Pruvotinidae	Pruvotina	Pruvotina sp.		Species					Y																																						
NBNORG0000091497	NHMSYS0020102992	Fungi	Ascomycota	Lecanoromycetes	Lecanorales	Parmeliaceae	Pseudevernia	Pseudevernia furfuracea s. str.	(L.) Zopf	Species	Pseudevernia furfuracea var. ceratea;Pseudevernia furfuracea var. furfuracea		Y																										RedList_GB_post2001-LC														
NBNORG0000038653	NBNSYS0000186272	Animalia	Annelida	Polychaeta	Sabellida	Fabriciidae	Pseudofabricia	Pseudofabricia sp.		Species					Y																																						
NBNORG0000038669	NBNSYS0000186306	Animalia	Annelida	Polychaeta	Spionida	Spionidae	Pseudopolydora	Pseudopolydora cf. paucibranchiata	(Okuda, 1937)	Species	Pseudopolydora cf. pauchibranchiata;Pseudopolydora cfPaucibranchiata				Y																																						
NBNORG0000123072	NHMSYS0021762100	Fungi	Basidiomycota	Agaricomycetes	Agaricales	Inocybaceae	Pseudosperma	Pseudosperma rimosum s. lat.		Species	Inocybe fastigiata;Inocybe rimosa s. lat.		Y																																								
NBNORG0000050920	NHMSYS0000318661	Animalia	Arthropoda	Malacostraca	Tanaidacea	Pseudotanaidae	Pseudotanais	Pseudotanais ? lilljeborgi	G.O. Sars, 1882	Species					Y																																						
NBNORG0000108353	NHMSYS0020977817	Animalia	Arthropoda	Malacostraca	Isopoda	Philosciidae	Pseudotyphloscia	Pseudotyphloscia sp.		Species			Y																										RedList_GB_post2001-NA														
NBNORG0000132793	NHMSYS0021388559	Animalia	Arthropoda	Diplopoda	Chordeumatida	Vandeleumatidae	Psichrosoma	Psichrosoma cf. breuili		Species		Y	Y																																								
NBNORG0000129680	NHMSYS0021237670	Animalia	Arthropoda	Arachnida	Trombidiformes	Psorergatidae	Psorergatoides	Psorergatoides sp. A		Species			Y																																								
NBNORG0000134545	NHMSYS0021652440	Plantae	Bryophyta	Bryopsida	Bryales	Bryaceae	Ptychostomum	Ptychostomum rubens sensu Bijlsma et al. 2020		Species			Y																																								
NBNORG0000136484	BMSSYS0000015635	Fungi	Basidiomycota	Pucciniomycetes	Pucciniales	Pucciniaceae	Puccinia	Puccinia coronata var. avenae	W.P. Fraser & Ledingham	Species	Puccinia coronata var. avenae f. sp. avenae;Puccinia coronata var. avenae f. sp. graminicola		Y																																								
NBNORG0000125447	NHMSYS0000364730	Fungi	Ascomycota	Lecanoromycetes	Lecanorales	Parmeliaceae	Punctelia	Punctelia subrudecta s. str.	(Nyl.) Krog	Species			Y																																								
NBNORG0000133692	NHMSYS0021554239	Chromista	Oomycota	Peronosporea	Albuginales	Albuginaceae	Pustula	Pustula obtusata s. lat.	(Link) C. Rost	Species			Y																																								
NBNORG0000133693	NHMSYS0021554244	Chromista	Oomycota	Peronosporea	Albuginales	Albuginaceae	Pustula	Pustula obtusata s. str.	(Link) C. Rost	Species	Albugo tragopogonis;Albugo tragopogonis var. inulae;Albugo tragopogonis var. tragopogonis;Cystopus cubicus;Cystopus tragopogonis;Pustula tragopogonis;Uredo candida β tragopogi;Uredo candida β tragopogonis;Uredo tragopogonis		Y																																								
NBNORG0000122887	NHMSYS0021168929	Animalia	Chordata	Actinopterygii	Characiformes	Serrasalmidae	Pygocentrus	Pygocentrus sp. (natterei)		Species		Y	Y	Y			Y																																				
NBNORG0000136244	NHMSYS0021811526	Animalia	Arthropoda	Arachnida	Araneae	Pholcidae	Quamtana	Quamtana sp. ZFMK Ar 24490 aff. lotzi		Species		Y	Y																																								
NBNORG0000048715	NHMSYS0000068082	Animalia	Platyhelminthes	Cestoda	Cyclophyllidea	Davaineidae	Raillietina	Raillietina ? brevicollis	(Frölich, 1802)	Species																																											
NBNORG0000136584	NHMSYS0021835626	Fungi	Basidiomycota	Agaricomycetes	Agaricales	Clavariaceae	Ramariopsis	Ramariopsis kunzei s. str.	(Fr.) Corner	Species			Y																																								
NBNORG0000116343	NHMSYS0021123627	Animalia	Mollusca	Gastropoda		Rhodopidae	Rhodope	Rhodope cf. veranii		Species					Y																																						
NBNORG0000048126	NHMSYS0000067115	Chromista	Foraminifera	Globothalamea	Rotaliida	Rosalinidae	Rosalina	Rosalina cf. bradyi	(Cushman, 1915)	Species																																											
NBNORG0000123346	NHMSYS0021180003	Animalia	Mollusca	Gastropoda	Nudibranchia	Trinchesiidae	Rubramoena	"Rubramoena sp. ""Newlyn Fenwick A"""		Species					Y																																						
NBNORG0000039074	NBNSYS0000186845	Animalia	Annelida	Polychaeta	Eunicida	Dorvilleidae	Schistomeringos	Schistomeringos spp.		Species					Y																																						
NBNORG0000051494	NHMSYS0000335687	Animalia	Chordata	Actinopterygii	Ophidiiformes	Aphyonidae	Sciadonus	Sciadonus sp.		Species					Y																																						
NBNORG0000039144	NBNSYS0000186929	Animalia	Annelida	Polychaeta	Spionida	Spionidae	Scolelepis	Scolelepis sp.		Species					Y																																						
NBNORG0000039145	NBNSYS0000186930	Animalia	Annelida	Polychaeta		Orbiniidae	Scoloplos	Scoloplos sp.		Species					Y																																						
NBNORG0000040673	NBNSYS0000189475	Animalia	Chordata	Actinopterygii	Scorpaeniformes	Sebastidae	Sebastes	Sebastes spp.		Species					Y																																						
NBNORG0000132555	NHMSYS0021351083	Fungi	Ascomycota	Dothideomycetes			Septonema	Septonema sp. nov.		Species			Y	Y																																							
NBNORG0000108344	NHMSYS0020977763	Animalia	Arthropoda	Diplopoda	Siphonophorida	Siphonophoridae		Siphonophoridae sp.		Species		Y	Y																										RedList_GB_post2001-NA														
NBNORG0000039382	NBNSYS0000187214	Animalia	Annelida	Polychaeta	Phyllodocida	Syllidae	Sphaerosyllis	Sphaerosyllis n. sp.		Species					Y																																						
NBNORG0000052073	NHMSYS0000341818	Animalia	Porifera	Demospongiae	Hadromerida	Polymastiidae	Sphaerotylus	Sphaerotylus sp.		Species					Y																																						
NBNORG0000129654	NHMSYS0021237514	Animalia	Arthropoda	Arachnida	Mesostigmata	Spinturnicidae	Spinturnix	Spinturnix sp. A		Species			Y																																								
NBNORG0000129639	NHMSYS0021237424	Animalia	Arthropoda	Arachnida	Mesostigmata	Macronyssidae	Steatonyssus	Steatonyssus sp. A		Species			Y																																								
NBNORG0000125442	NHMSYS0000364214	Fungi	Ascomycota	Lecanoromycetes	Peltigerales	Lobariaceae	Sticta	Sticta fuliginosa s. str.	(Hoffm.) Ach.	Species			Y																																								
NBNORG0000086871	NHMSYS0021342724	Animalia	Mollusca	Gastropoda	Pulmonata	Subulinidae	Subulina	Subulina cf. striatella	(Rang, 1831)	Species	Striosubulina sp.;Striosubulina striatella	Y	Y																																								
NBNORG0000127965	NHMSYS0021221884	Animalia	Arthropoda	Insecta	Hymenoptera	Ichneumonidae	Sulcarius	Sulcarius sp. A		Species			Y																																								
NBNORG0000039582	NBNSYS0000187494	Animalia	Annelida	Polychaeta	Phyllodocida	Syllidae	Syllides	Syllides spp.		Species					Y																																						
NBNORG0000134087	NHMSYS0021600502	Fungi	Chytridiomycota	Chytridiomycetes	Chytridiales	Synchytriaceae	Synchytrium	Synchytrium aureum s. str.	J. Schröt.	Species			Y																																								
NBNORG0000044830	NBNSYS0100016044	Chromista		Bacillariophyceae	Fragilariales	Fragilariaceae	Synedra	Synedra (Other)	M Kelly	Species																																											
NBNORG0000122520	NHMSYS0021165288	Chromista		Bacillariophyceae	Fragilariales	Fragilariaceae	Synedra	Synedra tenera / nana type		Species			Y																																								
NBNORG0000109091	NHMSYS0021342554	Animalia	Mollusca	Gastropoda	Pulmonata	Milacidae	Tandonia	Tandonia cf. cristata	(Kaleniczenko, 1851)	Species	Tandonia sp. cf. cristata	Y	Y																																								
NBNORG0000012945	NBNSYS0000012927	Animalia	Arthropoda	Insecta	Diptera	Tephritidae	Tephritis	Tephritis sp. nov.		Species			Y																								RedList_GB_Pre94-Insu																
NBNORG0000132529	NHMSYS0021342544	Animalia	Mollusca	Gastropoda	Pulmonata	Testacellidae	Testacella	"Testacella (Testacella) sp. ""tenuipenis"""	sensu Rowson et al. 2014	Species	"Testacella sp. ""tenuipenis"""	Y	Y																																								
NBNORG0000109094	NHMSYS0021009965	Animalia	Mollusca	Gastropoda	Pulmonata	Testacellidae	Testacella	Testacella (Testacella) sp. cf. scutulum	Sowerby, 1821	Species	Testacella sp. cf. scutulum		Y																																								
NBNORG0000039780	NBNSYS0000187738	Animalia	Annelida	Polychaeta	Terebellida	Cirratulidae	Tharyx	Tharyx sp.		Species					Y																																						
NBNORG0000091500	NHMSYS0020103100	Fungi	Ascomycota		Thelocarpales	Thelocarpaceae	Thelocarpon	Thelocarpon epibolum s. str.	Nyl.	Species	Thelocarpon epibolum var. epibolum;Thelocarpon epibolum var. epithallinum		Y																										RedList_GB_post2001-LC			NS-includes											
NBNORG0000052261	NHMSYS0000355808	Animalia	Arthropoda	Arachnida	Araneae	Theridiidae	Theridion	Theridion sp.		Species			Y																																								
NBNORG0000043518	NBNSYS0100005866	Animalia	Arthropoda	Insecta	Diptera	Chloropidae	Trachysiphonella	Trachysiphonella indet.		Species	Trachysiphonella carinfacies;Trachysiphonella carinifacies		Y																								RedList_GB_Pre94-Insu																
NBNORG0000125451	NHMSYS0020000048	Fungi	Ascomycota	Lecanoromycetes	Baeomycetales	Trapeliaceae	Trapelia	Trapelia glebulosa s. str.	(Sm.) J.R. Laundon	Species	Biatora coarctata var. glebulosa;Discocera lichenicola;Gallowayiopsis glebulosa;Lecidea coarctata f. glebulosa;Lecidea coarctata var. glebulosa;Lecidea lichenicola;Lichen glebulosus;Nesolechia lichenicola		Y																										RedList_GB_post2001-LC			NS-includes											
NBNORG0000125440	NBNSYS0000019106	Fungi	Ascomycota	Lecanoromycetes	Baeomycetales	Trapeliaceae	Trapelia	Trapelia involuta s. str.	(Taylor) Hertel	Species	Biatora coarctata f. microphyllina;Lecanora involuta;Lecidea coarctata f. microphyllina;Lecidea coarctata var. ornata;Trapelia glebulosa;Trapelia ornata		Y																																								
NBNORG0000126551	NHMSYS0021207191	Animalia	Arthropoda	Insecta	Hymenoptera	Figitidae	Trichoplasta	Trichoplasta sp.	indet. A	Species			Y																																								
NBNORG0000052915	NHMSYS0000377659	Animalia	Mollusca	Gastropoda	Pulmonata	Vertiginidae	Truncatellina	Truncatellina cylindrica seg.	(Ferussac, 1807)	Species			Y																																								
NBNORG0000129271	NHMSYS0021232443	Plantae	Bryophyta	Bryopsida	Orthotrichales	Orthotrichaceae	Ulota	Ulota crispa s.str.	(Hedw.) Brid.	Species	Ulota crispa var. crispa		Y																																								
NBNORG0000085194	NHMSYS0001501126	Fungi	Basidiomycota	Pucciniomycetes	Pucciniales	Pucciniaceae	Uromyces	Uromyces pisi-sativi s. lat.		Species	Aecidium euphorbiae;Coeomurus pisi;Puccinia laburni;Puccinia loti;Puccinia pisi;Uredo appendiculata β pisi;Uredo appendiculata β pisi-sativi;Uredo appendiculata γ genistae-tinctoriae;Uredo onobrychidis;Uredo pisi-sativi;Uromyces loti;Uromyces phacae;Uromyces pisi;Uromyces pisi-sativi		Y																																								
NBNORG0000085207	NHMSYS0021646105	Fungi	Ascomycota	Lecanoromycetes	Lecanorales	Parmeliaceae	Usnea	Usnea cornuta s. lat.		Species	Usnea ceratina f. inflata;Usnea ceratina var. incurvescens;Usnea constrictula;Usnea cornuta;Usnea dasaea;Usnea inflata;Usnea intexta;Usnea intexta var. constrictula;Usnea subcornuta;Usnea subpectinata		Y																										RedList_GB_post2001-LC														
NBNORG0000134537	NHMSYS0021646065	Fungi	Ascomycota	Lecanoromycetes	Lecanorales	Parmeliaceae	Usnea	Usnea cornuta s. str.	Körb.	Species			Y																																								
NBNORG0000086898	NHMSYS0001702255	Animalia	Mollusca	Gastropoda	Pulmonata	Valloniidae	Vallonia	Vallonia cf. excentrica	Sterki, 1893	Species	Vallonia excentrica;Vallonia pulchella subsp. excentrica		Y																										RedList_GB_post2001-LC														
NBNORG0000009601	NBNSYS0000006685	Animalia	Mollusca	Gastropoda	Pulmonata	Valloniidae	Vallonia	Vallonia pulchella seg.	(Müller, 1774)	Species			Y																																								
NBNORG0000105323	NHMSYS0020825395	Plantae	Tracheophyta	Magnoliopsida	Fabales	Fabaceae		Vicia spp.		Species																																											
NBNORG0000009607	NBNSYS0000006710	Animalia	Mollusca	Gastropoda	Pulmonata	Pristilomatidae	Vitrea	Vitrea crystallina seg.	(Müller, 1774)	Species			Y																																								
NBNORG0000127974	NHMSYS0021221938	Animalia	Arthropoda	Insecta	Hymenoptera	Ichneumonidae	Zoophthorus	Zoophthorus sp. A		Species			Y																																								
NBNORG0000136163	NHMSYS0021795107	Fungi	Basidiomycota	Tremellomycetes	Filobasidiales	Filobasidiaceae	Zyzygomyces	Zyzygomyces polyblastidii s. lat.	Diederich, Flakus, Etayo & Rodr. Flakus	Species			Y																																								
NBNORG0000135130	NHMSYS0021740922	Animalia	Arthropoda	Arachnida	Trombidiformes	Eriophyidae	Aceria	cf. Aceria lophophyes	(Nalepa, 1922)	Species			Y																																								
NBNORG0000135131	NHMSYS0021740927	Animalia	Arthropoda	Arachnida	Trombidiformes	Eriophyidae	Aceria	cf. Aceria platanoidea 	(Nalepa, 1922)	Species			Y																																								
NBNORG0000135134	NHMSYS0021740942	Animalia	Arthropoda	Arachnida	Trombidiformes	Eriophyidae	Aceria	cf. Aceria pseudoplatanea 	(Nalepa, 1922)	Species			Y																																								
NBNORG0000135135	NHMSYS0021740947	Animalia	Arthropoda	Arachnida	Trombidiformes	Eriophyidae	Cecidophyes	cf. Cecidophyes pseudoplatani 	(Nalepa, 1922)	Species			Y																																								
NBNORG0000135133	NHMSYS0021740937	Animalia	Arthropoda	Arachnida	Trombidiformes	Diptilomiopidae	Rhynchaphytoptus	cf. Rhynchaphytoptus magnificus 	(Hodgkiss, 1913)	Species			Y																																								
